{
  "intercept": -4.499577881877133,
  "coefficients": [
    -0.088266159336541,
    0.011261664139272182,
    -0.08371292848928866,
    -0.1488981954728933,
    0.02865191709099111,
    -2.84598733468755e-14,
    0.02865191709104524,
    -1.7274088796201794,
    0.9883285927637239,
    0.9182299834250419,
    -0.0015656550911003898,
    0.0005937006996858318,
    0.0073098642499904295,
    -0.004308319355230254,
    2.622468214807938e-15,
    -0.0024590607456707768,
    -0.0006719443666578036,
    -2.942091015256665e-15,
    3.4416913763379853e-15,
    -0.19634904930696703,
    0.1344784513025958,
    0.20708907706381577,
    0.1201252885549176,
    0.05916482126132685,
    -0.012212066158577783,
    1.6653345369377348e-15,
    -0.004824349180924538,
    -1.7763568394002505e-15,
    -0.8149235931817121,
    -8.881784197001252e-16,
    -0.15568317862342068,
    -0.07523744645543133,
    1.5294426691273726,
    0.36779477774827696,
    -0.8391161506790809,
    -3.9590807206662597,
    -0.01870310582282898,
    0.4014297708101335,
    -0.08529992537324767,
    -3.517394881670516,
    14.864497163759939,
    1.150550456409992,
    -0.19857311969426258,
    0.13455601019659238,
    -0.10109686018621028,
    0.6732964890060905,
    2.0308245305874957,
    -0.4731355932488017
  ]
}