,name,directory,state,type,rank,title,url,custom,flesch-kincaid-ease,flesch-kincaid-level,smog,coleman-liau,spache,linsear-write,gunning-fog,dale-chall,features,shap
0,UCLA Health,ucla-health/,CA,Academic,1,privacy-ucla-health,https://www.uclahealth.org/sites/default/files/documents/ad/ucla-health-notice-privacy-practices-2026.pdf?f=e61a0ad6,-1.8460041284561157,44.16597134046799,12.034272628333035,14.477652330583844,12.464391891891896,6.205546798476329,25.0,15.527389805913296,10.628443633230546,"{'nouns': {'avg': 6.96815299987793, 'sd': 5.752230167388916, 'min': 1.0, 'max': 53.0}, 'verbs': {'avg': 2.2675158977508545, 'sd': 2.429600238800049, 'min': 0.0, 'max': 24.0}, 'adjectives': {'avg': 0.8726114630699158, 'sd': 1.426438808441162, 'min': 0.0, 'max': 13.0}, 'adverbs': {'avg': 0.29936304688453674, 'sd': 0.5467328429222107, 'min': 0.0, 'max': 2.0}, 'pronouns': {'avg': 1.6560509204864502, 'sd': 1.6994317770004272, 'min': 0.0, 'max': 8.0}, 'first_person_pronouns': {'avg': 0.522292971611023, 'sd': 0.6826884150505066, 'min': 0.0, 'max': 2.0}, 'third_person_pronouns': {'avg': 1.1337579488754272, 'sd': 1.3359103202819824, 'min': 0.0, 'max': 7.0}, 'avg_syllables_per_word': {'avg': 1.5739490985870361, 'sd': 0.3962116837501526, 'min': 0.5, 'max': 3.5}, 'avg_word_frequency_log': {'avg': 5.532294750213623, 'sd': 0.6591212749481201, 'min': 3.0350000858306885, 'max': 6.364999771118164}, 'avg_content_word_frequency_log': {'avg': 4.864086151123047, 'sd': 0.4196474254131317, 'min': 3.484999895095825, 'max': 5.535555362701416}, 'avg_age_of_acquisition': {'avg': 347.4414367675781, 'sd': 132.95458984375, 'min': 0.0, 'max': 483.0}, 'avg_concreteness': {'avg': 307.64111328125, 'sd': 59.38587188720703, 'min': 0.0, 'max': 584.0}, 'avg_imagery': {'avg': 332.3562316894531, 'sd': 62.93330001831055, 'min': 0.0, 'max': 602.0}, 'avg_familiarity': {'avg': 577.4880981445312, 'sd': 67.2770767211914, 'min': 0.0, 'max': 620.0}, 'avg_polysemy': {'avg': 7.216488838195801, 'sd': 2.689314603805542, 'min': 2.0, 'max': 16.200000762939453}, 'negations': {'avg': 0.09554140269756317, 'sd': 0.3345010578632355, 'min': 0.0, 'max': 2.0}, 'causal_verbs': {'avg': 0.05095541477203369, 'sd': 0.24717971682548523, 'min': 0.0, 'max': 2.0}, 'intentional_actions': {'avg': 0.012738853693008423, 'sd': 0.11214534938335419, 'min': 0.0, 'max': 1.0}, 'word_count': {'avg': 18.987260818481445, 'sd': 14.876985549926758, 'min': 1.0, 'max': 154.0}, 'sentence_length': {'avg': 18.987260818481445, 'sd': 14.876985549926758, 'min': 1.0, 'max': 154.0}, 'function_to_content_ratio': {'avg': 0.8398624062538147, 'sd': 0.4395252466201782, 'min': 0.0, 'max': 2.3333332538604736}, 'connectives_total': {'avg': 0.8280254602432251, 'sd': 1.029367208480835, 'min': 0.0, 'max': 5.0}, 'causal_connectives': {'avg': 0.10191082954406738, 'sd': 0.302530974149704, 'min': 0.0, 'max': 1.0}, 'temporal_connectives': {'avg': 0.14012739062309265, 'sd': 0.3820594251155853, 'min': 0.0, 'max': 2.0}, 'logical_connectives': {'avg': 0.15923567116260529, 'sd': 0.3829079866409302, 'min': 0.0, 'max': 2.0}, 'additive_connectives': {'avg': 0.42038217186927795, 'sd': 0.6877211332321167, 'min': 0.0, 'max': 4.0}, 'adversative_connectives': {'avg': 0.006369426846504211, 'sd': 0.07955412566661835, 'min': 0.0, 'max': 1.0}, 'dependency_depth': {'avg': 5.4777069091796875, 'sd': 3.282041311264038, 'min': 1.0, 'max': 32.0}, 'modifiers_per_np': {'avg': 0.9746763110160828, 'sd': 0.8180570006370544, 'min': 0.0, 'max': 9.0}, 'words_before_main_verb': {'avg': 4.496815204620361, 'sd': 4.919251441955566, 'min': 0.0, 'max': 26.0}, 'passive_constructions': {'avg': 0.4012738764286041, 'sd': 0.8205938339233398, 'min': 0.0, 'max': 4.0}, 'content_overlap_adjacent': {'avg': 0.12011028826236725, 'sd': 0.11603862792253494, 'min': 0.0, 'max': 0.800000011920929}, 'content_overlap_all': {'avg': 0.021357569843530655, 'sd': 0.015335691161453724, 'min': 0.0, 'max': 0.1608910858631134}, 'noun_overlap_adjacent': {'avg': 0.10540929436683655, 'sd': 0.18155305087566376, 'min': 0.0, 'max': 1.0}, 'argument_overlap_adjacent': {'avg': 0.09208371490240097, 'sd': 0.19613268971443176, 'min': 0.0, 'max': 1.0}, 'stem_overlap_all': {'avg': 0.031000403687357903, 'sd': 0.019048742949962616, 'min': 0.0, 'max': 0.1666666716337204}, 'lsa_overlap_adjacent': {'avg': 0.4396853744983673, 'sd': 0.2006758153438568, 'min': 0.0, 'max': 0.8770557641983032}, 'lsa_overlap_all': {'avg': 0.3340280055999756, 'sd': 0.10078684985637665, 'min': 0.0, 'max': 0.6075913906097412}, 'lsa_given_new': {'avg': 0.6596024632453918, 'sd': 0.11059707403182983, 'min': 0.0, 'max': 0.9001306891441345}, 'lsa_overlap_mean': {'avg': 0.3340280055999756, 'sd': 0.10078684985637665, 'min': 0.0, 'max': 0.6075913906097412}, 'lsa_overlap_std': {'avg': 0.14336836338043213, 'sd': 0.041006218641996384, 'min': 0.0, 'max': 0.2379978895187378}, 'lsa_overlap_max': {'avg': 0.6916295886039734, 'sd': 0.17738457024097443, 'min': 0.0, 'max': 1.000000238418579}, 'lsa_overlap_min': {'avg': 0.05830451846122742, 'sd': 0.09672989696264267, 'min': -0.12116066366434097, 'max': 0.6075913906097412}, 'lsa_novelty': {'avg': 0.302001029253006, 'sd': 0.17024561762809753, 'min': -2.384185791015625e-07, 'max': 0.6655505299568176}, 'lsa_shift': {'avg': 0.10565734654664993, 'sd': 0.1660657674074173, 'min': -0.26521238684654236, 'max': 0.5387105941772461}, 'pos_dissimilarity_prev': {'avg': 0.9143926501274109, 'sd': 0.13282713294029236, 'min': 0.0, 'max': 1.0}, 'word_dissimilarity_prev': {'avg': 1.6836625337600708, 'sd': 3.1066482067108154, 'min': 0.0, 'max': 26.0}, 'new_word_ratio': {'avg': 0.7778636813163757, 'sd': 0.19442711770534515, 'min': 0.0, 'max': 1.0}, 'verb_overlap_adjacent': {'avg': 0.07054898887872696, 'sd': 0.14060504734516144, 'min': 0.0, 'max': 0.6666666865348816}, 'embedding_norm': {'avg': 0.993630588054657, 'sd': 0.07955411821603775, 'min': 0.0, 'max': 1.0000001192092896}, 'embedding_norm_diff': {'avg': 0.0, 'sd': 4.092099104013869e-08, 'min': -1.1920928955078125e-07, 'max': 1.1920928955078125e-07}, 'type_token_ratio': {'avg': 0.993630588054657, 'sd': 0.07955412566661835, 'min': 0.0, 'max': 1.0}, 'lexical_diversity_all': {'avg': 0.17352381348609924, 'sd': 0.013893024995923042, 'min': 0.0, 'max': 0.17463617026805878}, 'lexical_diversity_verbs': {'avg': 0.3098117709159851, 'sd': 0.024804789572954178, 'min': 0.0, 'max': 0.31179773807525635}, 'sentence_length_cohesion': {'avg': 15.6242036819458, 'sd': 9.600565910339355, 'min': 0.0, 'max': 84.0}, 'sentence_length_log': {'avg': 2.624387741088867, 'sd': 0.6802710890769958, 'min': 0.0, 'max': 4.442651271820068}}","[-1.01709902e-01 -3.07279248e-02  1.43829512e-03 -8.19310918e-02
 -1.30552775e-03  2.41900105e-02  2.93068006e-03  3.89543665e-03
  3.51871438e-02  6.85810531e-03 -6.02132932e-04 -1.55991931e-02
  1.91768724e-02  1.24150096e-02  0.00000000e+00  2.75786180e-04
  1.76703986e-02 -2.64715403e-03 -2.93509103e-04 -2.16925517e-03
 -3.42167802e-02 -1.67566817e-02  0.00000000e+00 -6.45073829e-04
  6.19907456e-04  1.04415859e-03 -1.80322357e-04 -1.86582934e-03
 -6.24272078e-02 -5.86553030e-02 -6.04712497e-03 -4.47658710e-02
 -1.38994614e-02 -1.50420489e-02 -1.65512487e-02  1.07110655e-02
  7.52927065e-02 -9.12490394e-03 -6.09551631e-02  4.39154804e-02
 -9.16916355e-02  7.54628517e-03  7.44009577e-03 -5.29679619e-02
 -2.84053721e-02  9.55541618e-05  7.71478377e-03 -4.34915908e-03
  4.05224189e-02  2.41916068e-03  3.22842295e-03  3.30400132e-02
 -1.36325564e-02  3.11521739e-02  3.51188183e-02  1.84543487e-02
 -1.09990723e-02 -4.41123964e-03  1.03258621e-02  7.29305530e-03
  4.35303571e-03  2.38414179e-03  0.00000000e+00 -7.76358531e-04
 -2.36559869e-03 -2.43157195e-03  0.00000000e+00  3.92521237e-04
 -1.22856454e-03 -9.70177061e-04  0.00000000e+00  1.39048172e-03
  2.11490318e-02 -6.45546243e-02  1.62708969e-03 -5.58444262e-02
  2.29205936e-02 -3.75433043e-02  1.07668678e-03 -6.07821010e-02
  8.56129359e-03 -2.64340173e-03  1.03550544e-03  2.91965407e-04
  3.77430674e-03 -1.81798183e-03 -2.32883958e-05  2.47236894e-04
  2.18579010e-03  1.77673507e-03  0.00000000e+00  2.20710150e-04
 -1.09908008e-03  3.04683927e-03  0.00000000e+00 -1.07682415e-03
  4.83762473e-03  4.34921449e-03  0.00000000e+00 -1.82423682e-05
 -5.54929348e-03  1.43744098e-03 -2.82440997e-05  1.69690640e-04
 -5.18292561e-03 -3.95035418e-03  0.00000000e+00 -1.98875190e-04
 -2.24055033e-02  1.01833220e-03  0.00000000e+00 -1.49234924e-02
 -5.38412519e-02 -1.90972839e-03  3.73802334e-03 -2.80428352e-03
  5.84529573e-03  6.88708096e-04 -7.79936835e-03 -7.02510029e-03
  3.75922536e-03 -1.24463090e-03  0.00000000e+00 -5.79023734e-03
  3.58524686e-03 -2.24780105e-02  0.00000000e+00 -3.15051363e-03
 -1.19438702e-02 -1.82514116e-02  0.00000000e+00 -3.82607318e-02
 -8.47463554e-04 -6.69152215e-02  0.00000000e+00 -3.06860879e-02
  1.85145345e-03  7.49562401e-04  0.00000000e+00 -1.85652520e-03
 -1.21416794e-02 -4.18268563e-03  0.00000000e+00 -5.28533245e-03
  1.20651070e-02 -2.61998503e-05  2.61451496e-04  1.59612764e-03
  1.11905104e-02 -4.22357256e-03  0.00000000e+00 -1.14632747e-03
 -4.84302966e-03  2.29462888e-02  0.00000000e+00 -1.01830633e-02
  6.58919150e-03  9.27423534e-04  0.00000000e+00  6.05857279e-03
  3.83556075e-02 -3.04716211e-02  0.00000000e+00 -2.67449906e-03
  8.21581706e-02 -2.15433189e-03  0.00000000e+00 -8.23498890e-02
 -1.24799032e-02  1.26526749e-03  1.62381791e-02 -2.01206072e-03
  2.91326642e-02  7.90489651e-03  0.00000000e+00 -2.92873359e-03
 -2.26483643e-02  1.31214568e-02  4.80107171e-03  1.75751746e-03
  1.36236111e-02 -2.81293392e-02  0.00000000e+00  1.27780216e-03
 -2.75733182e-04 -1.85455605e-02  0.00000000e+00  5.24244830e-03
 -1.43015813e-02 -1.48856146e-02  0.00000000e+00 -7.35105807e-03
 -1.97771611e-03  9.38085199e-04  0.00000000e+00 -2.07711104e-03
 -3.31154140e-03 -3.16970469e-03  0.00000000e+00 -1.93033786e-03
 -3.23060201e-03  3.32175265e-03 -3.59487906e-03  4.10433917e-04
  2.06192420e-03 -8.95021891e-04  0.00000000e+00  0.00000000e+00
 -3.35779153e-02  4.15843073e-03  0.00000000e+00 -4.17755246e-02
 -4.51122783e-03  1.04965689e-02  0.00000000e+00  6.10417221e-03
 -4.74576838e-03  5.36909327e-04  0.00000000e+00 -8.22573621e-03
 -6.30448153e-03  9.14597884e-03  0.00000000e+00 -9.03406739e-03]"
1,UCLA Health,ucla-health/,CA,Academic,1,patient-rights-ucla-health,https://www.uclahealth.org/sites/default/files/documents/Patient_Rights_and_Responsibilities.pdf,-2.021947145462036,30.888671417588284,15.08781773020285,16.62506992398802,14.029212253829321,7.285976048258323,12.5,18.218061387426815,11.011907226920576,"{'nouns': {'avg': 8.584415435791016, 'sd': 7.51509428024292, 'min': 0.0, 'max': 44.0}, 'verbs': {'avg': 3.142857074737549, 'sd': 2.305917263031006, 'min': 0.0, 'max': 9.0}, 'adjectives': {'avg': 1.454545497894287, 'sd': 1.8129794597625732, 'min': 0.0, 'max': 9.0}, 'adverbs': {'avg': 0.4545454680919647, 'sd': 0.6555548310279846, 'min': 0.0, 'max': 2.0}, 'pronouns': {'avg': 1.597402572631836, 'sd': 1.6999597549438477, 'min': 0.0, 'max': 7.0}, 'first_person_pronouns': {'avg': 0.012987012974917889, 'sd': 0.11321816593408585, 'min': 0.0, 'max': 1.0}, 'third_person_pronouns': {'avg': 1.5844155550003052, 'sd': 1.6698288917541504, 'min': 0.0, 'max': 7.0}, 'avg_syllables_per_word': {'avg': 1.665529489517212, 'sd': 0.39010855555534363, 'min': 0.0, 'max': 3.0}, 'avg_word_frequency_log': {'avg': 5.614570617675781, 'sd': 0.815289318561554, 'min': 0.0, 'max': 6.50124979019165}, 'avg_content_word_frequency_log': {'avg': 4.765611171722412, 'sd': 0.6894540190696716, 'min': 0.0, 'max': 5.8125}, 'avg_age_of_acquisition': {'avg': 387.37396240234375, 'sd': 112.88473510742188, 'min': 0.0, 'max': 575.0}, 'avg_concreteness': {'avg': 290.0669860839844, 'sd': 56.19661331176758, 'min': 0.0, 'max': 467.0}, 'avg_imagery': {'avg': 309.9663391113281, 'sd': 59.21198272705078, 'min': 0.0, 'max': 460.1666564941406}, 'avg_familiarity': {'avg': 567.3320922851562, 'sd': 93.5149917602539, 'min': 0.0, 'max': 607.5}, 'avg_polysemy': {'avg': 8.342275619506836, 'sd': 4.843902587890625, 'min': 0.0, 'max': 34.5}, 'negations': {'avg': 0.10389610379934311, 'sd': 0.30512571334838867, 'min': 0.0, 'max': 1.0}, 'causal_verbs': {'avg': 0.09090909361839294, 'sd': 0.28747978806495667, 'min': 0.0, 'max': 1.0}, 'intentional_actions': {'avg': 0.03896103799343109, 'sd': 0.19350214302539825, 'min': 0.0, 'max': 1.0}, 'word_count': {'avg': 23.85714340209961, 'sd': 17.143938064575195, 'min': 1.0, 'max': 100.0}, 'sentence_length': {'avg': 23.85714340209961, 'sd': 17.143938064575195, 'min': 1.0, 'max': 100.0}, 'function_to_content_ratio': {'avg': 0.7844963073730469, 'sd': 0.357923686504364, 'min': 0.0, 'max': 1.6666666269302368}, 'connectives_total': {'avg': 1.350649356842041, 'sd': 1.577160358428955, 'min': 0.0, 'max': 9.0}, 'causal_connectives': {'avg': 0.09090909361839294, 'sd': 0.3295734226703644, 'min': 0.0, 'max': 2.0}, 'temporal_connectives': {'avg': 0.12987013161182404, 'sd': 0.4061427712440491, 'min': 0.0, 'max': 2.0}, 'logical_connectives': {'avg': 0.1818181872367859, 'sd': 0.418012410402298, 'min': 0.0, 'max': 2.0}, 'additive_connectives': {'avg': 0.9220778942108154, 'sd': 1.1254578828811646, 'min': 0.0, 'max': 5.0}, 'adversative_connectives': {'avg': 0.025974025949835777, 'sd': 0.15905776619911194, 'min': 0.0, 'max': 1.0}, 'dependency_depth': {'avg': 6.4285712242126465, 'sd': 3.1885695457458496, 'min': 1.0, 'max': 16.0}, 'modifiers_per_np': {'avg': 0.8063591122627258, 'sd': 0.43249332904815674, 'min': 0.0, 'max': 2.0}, 'words_before_main_verb': {'avg': 5.0779218673706055, 'sd': 6.634749412536621, 'min': 0.0, 'max': 32.0}, 'passive_constructions': {'avg': 0.4285714328289032, 'sd': 0.9035079479217529, 'min': 0.0, 'max': 5.0}, 'content_overlap_adjacent': {'avg': 0.08588951081037521, 'sd': 0.06347823888063431, 'min': 0.0, 'max': 0.2800000011920929}, 'content_overlap_all': {'avg': 0.027205683290958405, 'sd': 0.018193822354078293, 'min': 0.0, 'max': 0.0886363610625267}, 'noun_overlap_adjacent': {'avg': 0.06571808457374573, 'sd': 0.09651625156402588, 'min': 0.0, 'max': 0.5}, 'argument_overlap_adjacent': {'avg': 0.056344058364629745, 'sd': 0.12262344360351562, 'min': 0.0, 'max': 0.6666666865348816}, 'stem_overlap_all': {'avg': 0.03653057664632797, 'sd': 0.023318737745285034, 'min': 0.0, 'max': 0.12287334352731705}, 'lsa_overlap_adjacent': {'avg': 0.3537067174911499, 'sd': 0.15740375220775604, 'min': 0.0, 'max': 0.6919587254524231}, 'lsa_overlap_all': {'avg': 0.27962779998779297, 'sd': 0.07120443135499954, 'min': 0.0, 'max': 0.39992621541023254}, 'lsa_given_new': {'avg': 0.7073851227760315, 'sd': 0.10307938605546951, 'min': 0.0, 'max': 0.8905655741691589}, 'lsa_overlap_mean': {'avg': 0.27962779998779297, 'sd': 0.07120443135499954, 'min': 0.0, 'max': 0.39992621541023254}, 'lsa_overlap_std': {'avg': 0.11418820917606354, 'sd': 0.034371864050626755, 'min': 0.0, 'max': 0.22305580973625183}, 'lsa_overlap_max': {'avg': 0.5299735069274902, 'sd': 0.11895501613616943, 'min': 0.0, 'max': 0.7628414630889893}, 'lsa_overlap_min': {'avg': 0.05458793416619301, 'sd': 0.0670921728014946, 'min': -0.0893939882516861, 'max': 0.33398371934890747}, 'lsa_novelty': {'avg': 0.45703941583633423, 'sd': 0.11490475386381149, 'min': 0.0, 'max': 0.7469344735145569}, 'lsa_shift': {'avg': 0.07407886534929276, 'sd': 0.14813371002674103, 'min': -0.2336348593235016, 'max': 0.3938296139240265}, 'pos_dissimilarity_prev': {'avg': 0.8832888007164001, 'sd': 0.19612979888916016, 'min': 0.0, 'max': 1.0}, 'word_dissimilarity_prev': {'avg': 1.990633487701416, 'sd': 4.650599479675293, 'min': 0.0, 'max': 30.0}, 'new_word_ratio': {'avg': 0.764299213886261, 'sd': 0.23535841703414917, 'min': 0.0, 'max': 1.0}, 'verb_overlap_adjacent': {'avg': 0.012244898825883865, 'sd': 0.050677474588155746, 'min': 0.0, 'max': 0.3333333432674408}, 'embedding_norm': {'avg': 0.9870129823684692, 'sd': 0.11321816593408585, 'min': 0.0, 'max': 1.0}, 'embedding_norm_diff': {'avg': 7.740862950633698e-10, 'sd': 3.52867886022068e-08, 'min': -5.960464477539063e-08, 'max': 5.960464477539063e-08}, 'type_token_ratio': {'avg': 0.9740259647369385, 'sd': 0.15905778110027313, 'min': 0.0, 'max': 1.0}, 'lexical_diversity_all': {'avg': 0.28594183921813965, 'sd': 0.03279978409409523, 'min': 0.0, 'max': 0.28970426321029663}, 'lexical_diversity_verbs': {'avg': 0.46495646238327026, 'sd': 0.053334176540374756, 'min': 0.0, 'max': 0.4710743725299835}, 'sentence_length_cohesion': {'avg': 19.324674606323242, 'sd': 12.335611343383789, 'min': 0.0, 'max': 65.0}, 'sentence_length_log': {'avg': 2.7703206539154053, 'sd': 0.804080605506897, 'min': 0.0, 'max': 4.18965482711792}}","[-1.51102394e-01 -5.94451912e-02  2.09991750e-03 -7.26850629e-02
  6.96786214e-03  2.80920658e-02  2.99152732e-03  2.49843625e-03
 -3.54156946e-03 -3.26519981e-02 -6.02132932e-04 -1.86260864e-02
  2.12841369e-02  1.47922356e-02  0.00000000e+00  6.40870887e-04
  1.58067457e-02 -2.30010902e-03  8.65033217e-05 -2.01743888e-03
  2.07050722e-02  1.33366687e-02  0.00000000e+00  1.92568148e-03
  5.64739387e-03  9.85932187e-04 -1.80322357e-04 -1.64125720e-03
 -8.41951296e-02 -7.34020472e-02 -1.11726439e-02 -6.19181022e-02
  1.89781969e-03 -1.51340375e-02 -2.10817363e-02  9.95363016e-03
  5.82971051e-02 -1.54812494e-02 -8.98849964e-03  5.81564121e-02
 -9.88462269e-02  1.89393554e-02  6.85216626e-03 -5.48223853e-02
 -6.81385398e-02  2.00879690e-03  1.01615414e-02 -1.94925647e-02
 -1.71509147e-01  1.23438332e-03  5.63965365e-03  4.49742228e-02
  6.36101067e-02  3.07878423e-02  3.17099392e-02 -2.05690460e-03
 -6.74501946e-03 -1.35788471e-02  2.83260513e-02 -1.96512900e-02
  2.59574223e-03  1.91050477e-03  0.00000000e+00 -6.27856469e-04
 -2.58640666e-03 -4.01628297e-03  0.00000000e+00  2.74669088e-04
 -1.29444012e-03 -1.17456412e-03  0.00000000e+00  1.45576417e-03
 -2.28708535e-02 -6.18356057e-02  1.55572605e-03 -6.03408776e-02
 -2.94263083e-02 -3.55479643e-02  9.88262356e-04 -5.77224642e-02
  8.98830034e-03 -2.52693542e-03 -1.65088102e-04 -1.97735918e-03
  1.17458142e-02  1.40010787e-03 -2.32883958e-05  4.58517112e-04
  4.12950013e-03  2.06977595e-03  0.00000000e+00 -9.88330226e-04
  1.06310355e-03  2.41365284e-03  0.00000000e+00 -9.70654946e-04
  2.17510993e-03  6.70484174e-03  0.00000000e+00  3.51843028e-03
  1.16479595e-03  2.15937267e-03 -1.73571752e-05  1.84488425e-04
 -5.67272538e-03 -3.79673159e-03  0.00000000e+00 -1.98875190e-04
 -2.82423198e-02 -1.16107624e-03  0.00000000e+00 -2.36024968e-02
 -1.85477193e-02  7.14819704e-04  2.48519704e-03 -1.64177699e-03
  7.67832017e-03  1.15525175e-03 -5.75833861e-03 -1.13820974e-02
  3.20209982e-03  3.23780044e-03  0.00000000e+00 -8.81410576e-03
  1.11626508e-03  1.38224019e-02  0.00000000e+00 -1.25229883e-03
 -1.39077222e-02 -1.80252008e-02  0.00000000e+00 -4.26326320e-02
  2.18163477e-03  4.23127413e-03  0.00000000e+00 -1.93980671e-02
 -8.81420914e-04  4.70735977e-04  0.00000000e+00  2.57736610e-05
 -1.39430044e-02 -5.97304478e-03  0.00000000e+00 -6.82321517e-03
 -3.02542979e-03  7.14824884e-04  2.51567253e-04  1.26541620e-02
 -7.35169230e-03 -1.19101652e-03  0.00000000e+00 -1.34398544e-03
 -6.71216333e-03  2.06958521e-02  0.00000000e+00 -7.77268084e-03
 -4.62355884e-03  9.21775214e-03  0.00000000e+00 -4.25786432e-03
  2.27356162e-02 -2.88554132e-02  0.00000000e+00 -9.26917884e-03
  8.76077861e-02 -1.77960750e-02  0.00000000e+00  3.35080437e-02
 -1.39624337e-02 -4.93458426e-03  1.32292351e-02  3.92606802e-04
  1.42061682e-02  5.11720590e-03  0.00000000e+00  4.48087836e-03
  9.06882156e-03  1.15044368e-02  3.60476715e-03 -3.91557766e-03
  8.36326461e-03 -3.00690923e-02  0.00000000e+00  1.47197384e-03
 -4.36080853e-04 -1.70603804e-02  0.00000000e+00  3.17753991e-03
 -1.43412901e-02 -1.19417440e-02  0.00000000e+00 -7.50935869e-03
 -1.74884684e-04  6.33763988e-03  0.00000000e+00  6.14844263e-03
 -3.12468549e-03 -5.37050841e-03  0.00000000e+00  1.89779559e-04
 -3.62724811e-03 -1.96902198e-03  1.09572266e-03  3.53910320e-04
  5.53292804e-04 -1.56107231e-03  0.00000000e+00  0.00000000e+00
 -3.37979011e-02 -6.38211658e-03  0.00000000e+00 -3.64876091e-02
  2.17114793e-04  1.10717900e-02  0.00000000e+00  3.01975594e-03
 -6.03109878e-03 -1.90822501e-02  0.00000000e+00 -7.65129505e-03
 -1.39420852e-02  3.19780177e-03  0.00000000e+00 -9.74485837e-03]"
2,UCLA Health,ucla-health/,CA,Academic,1,consent-authorization-ucla-health,https://www.uclahealth.org/sites/default/files/documents/3a/wh0397-authreleasephi.pdf?f=7f69bc36,-2.2096381187438965,33.32615656428379,14.019081272084808,15.55451256086462,12.649823321554774,6.840970372383801,14.4,17.11758630062517,11.579045365588476,"{'nouns': {'avg': 7.161290168762207, 'sd': 8.277824401855469, 'min': 0.0, 'max': 40.0}, 'verbs': {'avg': 2.064516067504883, 'sd': 1.8826112747192383, 'min': 0.0, 'max': 8.0}, 'adjectives': {'avg': 1.1612902879714966, 'sd': 2.1113638877868652, 'min': 0.0, 'max': 11.0}, 'adverbs': {'avg': 0.6129032373428345, 'sd': 0.9393690228462219, 'min': 0.0, 'max': 4.0}, 'pronouns': {'avg': 0.9032257795333862, 'sd': 1.3039600849151611, 'min': 0.0, 'max': 4.0}, 'first_person_pronouns': {'avg': 0.4193548262119293, 'sd': 0.7523807883262634, 'min': 0.0, 'max': 3.0}, 'third_person_pronouns': {'avg': 0.4838709533214569, 'sd': 0.9112545847892761, 'min': 0.0, 'max': 4.0}, 'avg_syllables_per_word': {'avg': 1.3806216716766357, 'sd': 0.5107265114784241, 'min': 0.0, 'max': 2.2142856121063232}, 'avg_word_frequency_log': {'avg': 5.3531084060668945, 'sd': 0.6530163884162903, 'min': 3.0, 'max': 6.171481609344482}, 'avg_content_word_frequency_log': {'avg': 3.8965272903442383, 'sd': 1.741060733795166, 'min': 0.0, 'max': 5.426666736602783}, 'avg_age_of_acquisition': {'avg': 285.8763732910156, 'sd': 172.00418090820312, 'min': 0.0, 'max': 454.6000061035156}, 'avg_concreteness': {'avg': 258.2482604980469, 'sd': 123.75360870361328, 'min': 0.0, 'max': 497.0}, 'avg_imagery': {'avg': 273.8169860839844, 'sd': 131.29974365234375, 'min': 0.0, 'max': 558.0}, 'avg_familiarity': {'avg': 493.6064147949219, 'sd': 216.83934020996094, 'min': 0.0, 'max': 607.0}, 'avg_polysemy': {'avg': 6.167921543121338, 'sd': 2.6273083686828613, 'min': 1.0, 'max': 12.800000190734863}, 'negations': {'avg': 0.19354838132858276, 'sd': 0.4696844518184662, 'min': 0.0, 'max': 2.0}, 'causal_verbs': {'avg': 0.0, 'sd': 0.0, 'min': 0.0, 'max': 0.0}, 'intentional_actions': {'avg': 0.0, 'sd': 0.0, 'min': 0.0, 'max': 0.0}, 'word_count': {'avg': 18.54838752746582, 'sd': 15.133468627929688, 'min': 1.0, 'max': 73.0}, 'sentence_length': {'avg': 18.54838752746582, 'sd': 15.133468627929688, 'min': 1.0, 'max': 73.0}, 'function_to_content_ratio': {'avg': 0.8314353227615356, 'sd': 0.4205837845802307, 'min': 0.0, 'max': 1.8333333730697632}, 'connectives_total': {'avg': 0.774193525314331, 'sd': 0.9055269360542297, 'min': 0.0, 'max': 3.0}, 'causal_connectives': {'avg': 0.09677419066429138, 'sd': 0.29565006494522095, 'min': 0.0, 'max': 1.0}, 'temporal_connectives': {'avg': 0.19354838132858276, 'sd': 0.3950789272785187, 'min': 0.0, 'max': 1.0}, 'logical_connectives': {'avg': 0.25806450843811035, 'sd': 0.505948007106781, 'min': 0.0, 'max': 2.0}, 'additive_connectives': {'avg': 0.16129031777381897, 'sd': 0.36779847741127014, 'min': 0.0, 'max': 1.0}, 'adversative_connectives': {'avg': 0.06451612710952759, 'sd': 0.24567008018493652, 'min': 0.0, 'max': 1.0}, 'dependency_depth': {'avg': 4.935483932495117, 'sd': 3.181960344314575, 'min': 0.0, 'max': 15.0}, 'modifiers_per_np': {'avg': 0.9066051840782166, 'sd': 0.7508246302604675, 'min': 0.0, 'max': 3.0}, 'words_before_main_verb': {'avg': 6.2580647468566895, 'sd': 9.214180946350098, 'min': 0.0, 'max': 38.0}, 'passive_constructions': {'avg': 0.4516128897666931, 'sd': 0.8739495277404785, 'min': 0.0, 'max': 3.0}, 'content_overlap_adjacent': {'avg': 0.05871293693780899, 'sd': 0.0640779510140419, 'min': 0.0, 'max': 0.2195121943950653}, 'content_overlap_all': {'avg': 0.049166448414325714, 'sd': 0.04630390927195549, 'min': 0.0, 'max': 0.24175824224948883}, 'noun_overlap_adjacent': {'avg': 0.022525252774357796, 'sd': 0.05385777726769447, 'min': 0.0, 'max': 0.2222222238779068}, 'argument_overlap_adjacent': {'avg': 0.033822089433670044, 'sd': 0.08388768136501312, 'min': 0.0, 'max': 0.3333333432674408}, 'stem_overlap_all': {'avg': 0.06123565509915352, 'sd': 0.05314037576317787, 'min': 0.0, 'max': 0.25847458839416504}, 'lsa_overlap_adjacent': {'avg': 0.2648727297782898, 'sd': 0.18379831314086914, 'min': 0.0, 'max': 0.8059130907058716}, 'lsa_overlap_all': {'avg': 0.23837806284427643, 'sd': 0.10460849106311798, 'min': 0.0, 'max': 0.6102693676948547}, 'lsa_given_new': {'avg': 0.7293638586997986, 'sd': 0.16364958882331848, 'min': 0.0, 'max': 0.9079841375350952}, 'lsa_overlap_mean': {'avg': 0.23837806284427643, 'sd': 0.10460849106311798, 'min': 0.0, 'max': 0.6102693676948547}, 'lsa_overlap_std': {'avg': 0.10989960283041, 'sd': 0.06381753087043762, 'min': 0.0, 'max': 0.2697718143463135}, 'lsa_overlap_max': {'avg': 0.4967738389968872, 'sd': 0.22696638107299805, 'min': 0.0, 'max': 0.9999999403953552}, 'lsa_overlap_min': {'avg': 0.09731414169073105, 'sd': 0.11250825971364975, 'min': -0.013447437435388565, 'max': 0.6102693676948547}, 'lsa_novelty': {'avg': 0.4709680676460266, 'sd': 0.22512505948543549, 'min': 0.0, 'max': 0.820236086845398}, 'lsa_shift': {'avg': 0.02649466134607792, 'sd': 0.14044564962387085, 'min': -0.27695232629776, 'max': 0.4637303948402405}, 'pos_dissimilarity_prev': {'avg': 0.7929978370666504, 'sd': 0.35093483328819275, 'min': 0.0, 'max': 1.0}, 'word_dissimilarity_prev': {'avg': 2.104738473892212, 'sd': 4.761415958404541, 'min': 0.0, 'max': 24.0}, 'new_word_ratio': {'avg': 0.6954880952835083, 'sd': 0.35949549078941345, 'min': 0.0, 'max': 1.0}, 'verb_overlap_adjacent': {'avg': 0.006451612804085016, 'sd': 0.0353369377553463, 'min': 0.0, 'max': 0.20000000298023224}, 'embedding_norm': {'avg': 0.9677419066429138, 'sd': 0.1766846925020218, 'min': 0.0, 'max': 1.0}, 'embedding_norm_diff': {'avg': 0.0, 'sd': 3.708428053528223e-08, 'min': -5.960464477539063e-08, 'max': 5.960464477539063e-08}, 'type_token_ratio': {'avg': 0.9032257795333862, 'sd': 0.29565006494522095, 'min': 0.0, 'max': 1.0}, 'lexical_diversity_all': {'avg': 0.41829144954681396, 'sd': 0.07636919617652893, 'min': 0.0, 'max': 0.43223443627357483}, 'lexical_diversity_verbs': {'avg': 0.6955645084381104, 'sd': 0.1269921362400055, 'min': 0.0, 'max': 0.71875}, 'sentence_length_cohesion': {'avg': 14.45161247253418, 'sd': 12.541129112243652, 'min': 0.0, 'max': 61.0}, 'sentence_length_log': {'avg': 2.289597511291504, 'sd': 1.1093790531158447, 'min': 0.0, 'max': 4.127134323120117}}","[-1.11276954e-01 -6.48054555e-02  1.24666560e-03 -7.45537058e-02
 -2.11182237e-03  2.65455768e-02  2.39712000e-03 -2.36893247e-05
  2.41134688e-02 -4.21805046e-02 -1.20921934e-03 -2.59029437e-02
  1.68398004e-02 -2.96450756e-03  0.00000000e+00 -4.42101416e-04
 -2.49952194e-03 -1.81091670e-03 -3.48468020e-04  1.94088963e-04
 -2.51754262e-02 -1.36652114e-02  0.00000000e+00  1.87361147e-05
 -6.03202218e-03 -7.73689989e-03 -1.80322357e-04 -5.75335580e-04
 -3.85576338e-02 -6.66285083e-02 -8.79604183e-03 -5.56328855e-02
 -8.38192329e-02 -1.94869991e-02 -1.21037848e-02  1.10245300e-02
 -2.60320485e-01  8.35834593e-02  4.08639060e-03  4.74004224e-02
 -3.66797559e-02 -6.36815727e-02  8.20308179e-03 -6.05721958e-02
 -9.19792950e-02  9.90020856e-03  5.66036208e-03 -1.42297391e-02
 -1.97173193e-01 -1.38894189e-04  1.14523973e-02  3.48976813e-02
  7.32748806e-02  3.63797732e-02  3.61897498e-02 -1.31812005e-03
 -1.25990780e-02 -2.82838917e-03  2.25629527e-02 -6.05698721e-03
  1.97167764e-03 -9.26827639e-03  0.00000000e+00 -4.29600390e-04
 -2.46356125e-03 -2.02224241e-03  0.00000000e+00 -1.05336821e-03
 -1.08873553e-03 -1.34645356e-03  0.00000000e+00 -4.79434471e-04
  2.28070989e-02 -5.70764542e-02  7.14099640e-03 -5.76261953e-02
  3.51466238e-02 -3.16545516e-02 -9.07504349e-04 -3.95447984e-02
  6.91823103e-03 -3.35284974e-03  3.17057921e-03 -4.79370914e-03
 -1.39618432e-03 -1.12189772e-03 -2.32883958e-05  2.96225538e-04
  4.38467227e-03  3.58055299e-03  0.00000000e+00  2.30435369e-04
 -2.32718955e-03  1.32795202e-03  0.00000000e+00 -1.40942633e-04
  4.08299221e-03  6.27746852e-03  0.00000000e+00  3.51843028e-03
 -9.76692606e-03 -1.15352543e-03 -2.82440997e-05 -5.52985002e-05
 -4.93079284e-03 -4.84449323e-03  0.00000000e+00  2.10882770e-03
  3.64321806e-02 -7.50897045e-04  0.00000000e+00 -1.96870808e-02
 -4.21385765e-02 -7.67378882e-03  6.26671873e-03 -2.68845633e-03
  3.86953261e-03 -1.35189388e-02 -8.86334758e-03 -9.49525181e-03
  5.63692581e-03  5.36826206e-03  0.00000000e+00 -1.48437812e-03
 -4.34610434e-03  1.71814393e-02  0.00000000e+00 -1.66456721e-05
 -1.79767385e-02 -1.34760356e-02  0.00000000e+00  5.33308228e-03
  5.46672195e-03  8.12119339e-03  0.00000000e+00  2.75572855e-03
 -2.58208660e-04  1.66982907e-04  0.00000000e+00 -1.74993140e-04
 -1.61654744e-02 -8.46413616e-03  0.00000000e+00 -1.02341850e-03
 -4.60219756e-03 -3.13256495e-03  2.00890281e-04  9.54145659e-03
 -1.49704861e-02 -5.88303618e-03  0.00000000e+00  1.09026046e-03
 -1.08155385e-02  1.38713960e-02  0.00000000e+00 -1.12514393e-02
 -8.14682618e-03 -1.67773047e-03  0.00000000e+00  6.66321255e-03
  1.39139574e-02  2.08373722e-02  0.00000000e+00 -9.42147337e-03
  5.36900014e-02  1.55911725e-02  0.00000000e+00 -8.41700360e-02
 -1.03772897e-02  1.37774693e-03 -1.66764925e-03  2.58478639e-03
 -1.48030894e-03 -7.21095316e-03  0.00000000e+00  6.35001995e-03
  3.74928699e-03  9.47962515e-03  6.54857745e-03  1.11194164e-03
 -1.66192893e-02  1.94685608e-02  0.00000000e+00  1.48189964e-03
  3.62415588e-03 -8.74572340e-03  0.00000000e+00  9.06294025e-03
 -1.15768553e-03  1.06538935e-02  0.00000000e+00 -8.58794246e-03
 -4.61981306e-03 -5.50880423e-03  0.00000000e+00  6.29569730e-03
 -4.06144653e-03 -4.79851943e-03  0.00000000e+00  1.06490788e-03
 -4.63267509e-03  2.55601364e-03  1.18399423e-03  1.99151109e-04
 -1.94893917e-03 -9.91577981e-04  0.00000000e+00  0.00000000e+00
 -7.35981669e-03 -1.49229297e-03  0.00000000e+00 -4.11993228e-02
  5.71081182e-03  9.05326288e-03  0.00000000e+00  1.02487933e-02
 -4.10797121e-03 -2.06989907e-02  0.00000000e+00 -5.79812238e-03
  6.90420950e-03  6.27949077e-04  0.00000000e+00 -7.84565508e-03]"
3,UCLA Health,ucla-health/,CA,Academic,1,privacy-old-ucla-health,https://www.uclahealth.org/sites/default/files/documents/notice-of-privacy-practices-english.pdf,-2.113426923751831,41.72155593154051,13.067914994814206,15.141340981441655,12.012548584119937,6.5807555655662995,37.0,16.402001683201856,10.537827386951344,"{'nouns': {'avg': 7.384615421295166, 'sd': 6.165373802185059, 'min': 1.0, 'max': 36.0}, 'verbs': {'avg': 2.5917160511016846, 'sd': 2.2065374851226807, 'min': 0.0, 'max': 12.0}, 'adjectives': {'avg': 1.1124260425567627, 'sd': 1.4408739805221558, 'min': 0.0, 'max': 9.0}, 'adverbs': {'avg': 0.30177515745162964, 'sd': 0.6037822961807251, 'min': 0.0, 'max': 3.0}, 'pronouns': {'avg': 2.0355029106140137, 'sd': 1.9728736877441406, 'min': 0.0, 'max': 13.0}, 'first_person_pronouns': {'avg': 0.5562130212783813, 'sd': 0.7204369902610779, 'min': 0.0, 'max': 3.0}, 'third_person_pronouns': {'avg': 1.4792898893356323, 'sd': 1.6065279245376587, 'min': 0.0, 'max': 11.0}, 'avg_syllables_per_word': {'avg': 1.62118399143219, 'sd': 0.3749946653842926, 'min': 0.75, 'max': 3.5}, 'avg_word_frequency_log': {'avg': 5.623647689819336, 'sd': 0.6118995547294617, 'min': 2.3062500953674316, 'max': 6.466363430023193}, 'avg_content_word_frequency_log': {'avg': 4.860684394836426, 'sd': 0.37679246068000793, 'min': 2.890000104904175, 'max': 5.619999885559082}, 'avg_age_of_acquisition': {'avg': 358.66351318359375, 'sd': 129.34982299804688, 'min': 0.0, 'max': 597.0}, 'avg_concreteness': {'avg': 296.2477722167969, 'sd': 68.35262298583984, 'min': 0.0, 'max': 584.0}, 'avg_imagery': {'avg': 318.2306213378906, 'sd': 72.73250579833984, 'min': 0.0, 'max': 602.0}, 'avg_familiarity': {'avg': 567.5623168945312, 'sd': 101.12901306152344, 'min': 0.0, 'max': 620.0}, 'avg_polysemy': {'avg': 7.063024997711182, 'sd': 2.6719417572021484, 'min': 1.0, 'max': 15.363636016845703}, 'negations': {'avg': 0.13017751276493073, 'sd': 0.4559669494628906, 'min': 0.0, 'max': 3.0}, 'causal_verbs': {'avg': 0.05325443670153618, 'sd': 0.22454042732715607, 'min': 0.0, 'max': 1.0}, 'intentional_actions': {'avg': 0.011834319680929184, 'sd': 0.10814005136489868, 'min': 0.0, 'max': 1.0}, 'word_count': {'avg': 21.378698348999023, 'sd': 15.103541374206543, 'min': 1.0, 'max': 94.0}, 'sentence_length': {'avg': 21.378698348999023, 'sd': 15.103541374206543, 'min': 1.0, 'max': 94.0}, 'function_to_content_ratio': {'avg': 0.88629549741745, 'sd': 0.4531313478946686, 'min': 0.0, 'max': 2.0}, 'connectives_total': {'avg': 0.8875739574432373, 'sd': 1.1534970998764038, 'min': 0.0, 'max': 6.0}, 'causal_connectives': {'avg': 0.08875739574432373, 'sd': 0.30448946356773376, 'min': 0.0, 'max': 2.0}, 'temporal_connectives': {'avg': 0.07692307978868484, 'sd': 0.2664693295955658, 'min': 0.0, 'max': 1.0}, 'logical_connectives': {'avg': 0.21301774680614471, 'sd': 0.45071515440940857, 'min': 0.0, 'max': 2.0}, 'additive_connectives': {'avg': 0.5088757276535034, 'sd': 0.8504669070243835, 'min': 0.0, 'max': 4.0}, 'adversative_connectives': {'avg': 0.0, 'sd': 0.0, 'min': 0.0, 'max': 0.0}, 'dependency_depth': {'avg': 5.668639183044434, 'sd': 2.7471814155578613, 'min': 1.0, 'max': 14.0}, 'modifiers_per_np': {'avg': 0.9293190240859985, 'sd': 0.8722412586212158, 'min': 0.0, 'max': 9.0}, 'words_before_main_verb': {'avg': 5.804733753204346, 'sd': 7.514308452606201, 'min': 0.0, 'max': 51.0}, 'passive_constructions': {'avg': 0.5739644765853882, 'sd': 1.0415209531784058, 'min': 0.0, 'max': 6.0}, 'content_overlap_adjacent': {'avg': 0.15195298194885254, 'sd': 0.12925325334072113, 'min': 0.0, 'max': 0.800000011920929}, 'content_overlap_all': {'avg': 0.019934551790356636, 'sd': 0.012580654583871365, 'min': 0.0, 'max': 0.08979591727256775}, 'noun_overlap_adjacent': {'avg': 0.10453800112009048, 'sd': 0.16235004365444183, 'min': 0.0, 'max': 1.0}, 'argument_overlap_adjacent': {'avg': 0.10878779739141464, 'sd': 0.19174152612686157, 'min': 0.0, 'max': 1.0}, 'stem_overlap_all': {'avg': 0.028662484139204025, 'sd': 0.016434887424111366, 'min': 0.0, 'max': 0.09731543809175491}, 'lsa_overlap_adjacent': {'avg': 0.4753916263580322, 'sd': 0.1971069723367691, 'min': 0.0, 'max': 0.9572913646697998}, 'lsa_overlap_all': {'avg': 0.33099108934402466, 'sd': 0.11279481649398804, 'min': 0.0, 'max': 0.561859130859375}, 'lsa_given_new': {'avg': 0.663091778755188, 'sd': 0.12119308859109879, 'min': 0.0, 'max': 0.9142866134643555}, 'lsa_overlap_mean': {'avg': 0.33099108934402466, 'sd': 0.11279481649398804, 'min': 0.0, 'max': 0.561859130859375}, 'lsa_overlap_std': {'avg': 0.13731242716312408, 'sd': 0.038867298513650894, 'min': 0.0, 'max': 0.21462447941303253}, 'lsa_overlap_max': {'avg': 0.6611271500587463, 'sd': 0.15789605677127838, 'min': 0.0, 'max': 0.9952331781387329}, 'lsa_overlap_min': {'avg': 0.03687402606010437, 'sd': 0.09649920463562012, 'min': -0.13185501098632812, 'max': 0.5370963215827942}, 'lsa_novelty': {'avg': 0.3329557478427887, 'sd': 0.15162231028079987, 'min': 0.0, 'max': 0.7520495653152466}, 'lsa_shift': {'avg': 0.14440050721168518, 'sd': 0.17596670985221863, 'min': -0.2779525816440582, 'max': 0.6862988471984863}, 'pos_dissimilarity_prev': {'avg': 0.9128884077072144, 'sd': 0.12937606871128082, 'min': 0.0, 'max': 1.0}, 'word_dissimilarity_prev': {'avg': 1.959023356437683, 'sd': 4.521297931671143, 'min': 0.0, 'max': 36.0}, 'new_word_ratio': {'avg': 0.7302107214927673, 'sd': 0.20491233468055725, 'min': 0.0, 'max': 1.0}, 'verb_overlap_adjacent': {'avg': 0.06236505135893822, 'sd': 0.14108137786388397, 'min': 0.0, 'max': 1.0}, 'embedding_norm': {'avg': 0.9940828680992126, 'sd': 0.07669514417648315, 'min': 0.0, 'max': 1.0000001192092896}, 'embedding_norm_diff': {'avg': 0.0, 'sd': 4.938166497936436e-08, 'min': -1.7881393432617188e-07, 'max': 1.7881393432617188e-07}, 'type_token_ratio': {'avg': 0.9940828680992126, 'sd': 0.07669514417648315, 'min': 0.0, 'max': 1.0}, 'lexical_diversity_all': {'avg': 0.16884392499923706, 'sd': 0.013026591390371323, 'min': 0.0, 'max': 0.1698489636182785}, 'lexical_diversity_verbs': {'avg': 0.31093457341194153, 'sd': 0.023989126086235046, 'min': 0.0, 'max': 0.31278538703918457}, 'sentence_length_cohesion': {'avg': 17.082839965820312, 'sd': 9.79519271850586, 'min': 0.0, 'max': 58.0}, 'sentence_length_log': {'avg': 2.6979756355285645, 'sd': 0.7160828113555908, 'min': 0.0, 'max': 4.077537536621094}}","[-1.22900225e-01 -6.12215623e-02  1.43829512e-03 -7.54803866e-02
 -5.56514366e-04  2.56968588e-02  2.47621723e-03  2.36841943e-03
  2.36682948e-02  4.11279453e-03 -6.02132932e-04 -1.88906435e-02
  1.70692205e-02  1.47471577e-02  0.00000000e+00  1.57562981e-03
  1.08726406e-02 -1.75109331e-03 -4.24439204e-05 -1.01899402e-03
 -3.12881060e-02 -2.17983797e-02  0.00000000e+00 -1.25850202e-03
  7.03620352e-03 -1.16207276e-03 -1.80322357e-04  1.69221521e-03
 -7.00967014e-02 -6.24181964e-02 -8.73413496e-03 -4.39315476e-02
  2.77962931e-03 -1.60014499e-02 -1.92854349e-02  1.04128169e-02
  7.31928423e-02 -1.23121310e-02 -5.29542528e-02  4.83378284e-02
 -9.19966698e-02  1.25003187e-02  5.96633693e-03 -5.03516644e-02
 -5.43360114e-02  6.97219803e-04  9.87745449e-03 -8.79886001e-03
 -1.34626910e-01  2.07120343e-03  2.82414327e-03  3.53075750e-02
  7.12227225e-02  3.11324820e-02  2.96723079e-02  2.18654424e-02
 -1.04461228e-02 -3.75421206e-03  1.97314993e-02  1.03687244e-02
  3.05159856e-03 -7.76159717e-03  0.00000000e+00 -7.76358531e-04
 -2.08646129e-03 -2.43157195e-03  0.00000000e+00  3.92521237e-04
 -1.33148325e-03 -8.46162264e-04  0.00000000e+00  8.99055565e-04
 -1.91428196e-02 -6.23430237e-02  1.54339906e-03 -6.02650791e-02
 -2.91849896e-02 -3.69932838e-02  1.07668678e-03 -6.12180568e-02
  9.13553312e-03 -3.76261654e-03  1.03550544e-03 -3.94589920e-03
  1.72766484e-03 -2.31520878e-03 -2.32883958e-05  3.72176029e-04
  5.19715669e-03  1.48088846e-03  0.00000000e+00 -3.19674076e-03
  8.87702219e-04  1.87047478e-03  0.00000000e+00 -4.80107905e-04
  4.73355502e-03  5.82580222e-03  0.00000000e+00  3.51843028e-03
 -3.22901970e-03  4.54685825e-04 -2.82440997e-05  1.69690640e-04
 -5.43951709e-03 -4.60604671e-03  0.00000000e+00  7.64101424e-05
 -3.06087434e-02  1.51259010e-03  0.00000000e+00 -1.18358806e-02
 -4.33717407e-02 -5.56242932e-03  3.37672676e-03 -3.00801592e-03
  7.27252709e-03 -6.26052078e-03 -6.48288894e-03 -8.25836603e-03
  4.56863409e-03 -1.16276713e-02  0.00000000e+00 -3.12867612e-02
 -1.42576275e-02 -2.80612297e-02  0.00000000e+00 -2.96511059e-03
 -1.46305058e-02 -2.01578252e-02  0.00000000e+00 -4.18014117e-02
 -4.29421270e-05 -8.53521749e-03  0.00000000e+00 -3.08122374e-02
  1.88763544e-04  6.10563089e-04  0.00000000e+00 -2.00998946e-03
 -1.26998825e-02 -4.93048597e-03  0.00000000e+00 -5.82714146e-03
  2.55669076e-02 -6.14733621e-03  2.61451496e-04  4.99739358e-03
  1.13728195e-02 -1.54076889e-03  0.00000000e+00 -1.69032859e-03
 -4.81162313e-03  2.84955259e-02  0.00000000e+00 -1.06145581e-02
  5.71786193e-03  2.21397355e-03  0.00000000e+00  2.01588008e-03
  3.00493315e-02 -3.06884628e-02  0.00000000e+00  6.37677778e-03
  8.45699832e-02 -2.60970811e-03  0.00000000e+00 -8.04664791e-02
 -1.22287078e-02  1.28527044e-03  1.62381791e-02  2.98571005e-03
  3.03819068e-02  7.58777652e-03  0.00000000e+00  3.03198607e-03
 -1.98848993e-02  1.38087375e-02  4.46385797e-03 -6.39103819e-05
  4.12057200e-03 -2.92151626e-02  0.00000000e+00  1.12041680e-03
 -8.52410449e-04 -1.81754548e-02  0.00000000e+00  6.02689572e-03
 -1.55822337e-02 -1.59260891e-02  0.00000000e+00 -7.64521398e-03
 -1.63443200e-03  3.24284588e-03  0.00000000e+00  2.25460180e-03
 -2.62610731e-03 -4.11461620e-03  0.00000000e+00 -1.93033786e-03
 -3.49814817e-03  2.36508041e-03 -9.85201169e-03 -1.62216462e-03
  5.53292804e-04 -6.03001099e-04  0.00000000e+00  0.00000000e+00
 -3.16925757e-02 -9.27665737e-04  0.00000000e+00 -3.90234515e-02
 -3.09420633e-03  9.29883309e-03  0.00000000e+00  3.60254874e-03
 -5.54728461e-03  5.29362995e-04  0.00000000e+00 -7.00935349e-03
 -5.98727725e-03  3.10716219e-03  0.00000000e+00 -9.08710808e-03]"
4,UCLA Health,ucla-health/,CA,Academic,1,terms-and-conditions-ucla-health,https://www.uclahealth.org/sites/default/files/documents/COA_English.pdf,-2.8238489627838135,25.660610064765905,16.22294126405122,17.78778699629832,13.837894736842106,7.695021737512096,27.333333333333332,20.008337675872852,12.309484999627783,"{'nouns': {'avg': 10.570093154907227, 'sd': 8.871999740600586, 'min': 0.0, 'max': 39.0}, 'verbs': {'avg': 2.401869058609009, 'sd': 2.2292022705078125, 'min': 0.0, 'max': 11.0}, 'adjectives': {'avg': 1.5794392824172974, 'sd': 1.899519920349121, 'min': 0.0, 'max': 9.0}, 'adverbs': {'avg': 0.3644859790802002, 'sd': 0.6020607352256775, 'min': 0.0, 'max': 3.0}, 'pronouns': {'avg': 1.345794439315796, 'sd': 1.4983030557632446, 'min': 0.0, 'max': 7.0}, 'first_person_pronouns': {'avg': 0.7476635575294495, 'sd': 1.2462539672851562, 'min': 0.0, 'max': 6.0}, 'third_person_pronouns': {'avg': 0.5981308221817017, 'sd': 1.0399479866027832, 'min': 0.0, 'max': 6.0}, 'avg_syllables_per_word': {'avg': 1.5396649837493896, 'sd': 0.42417314648628235, 'min': 0.0, 'max': 2.5}, 'avg_word_frequency_log': {'avg': 5.27512264251709, 'sd': 0.9160465002059937, 'min': 1.5005881786346436, 'max': 6.349999904632568}, 'avg_content_word_frequency_log': {'avg': 4.362807273864746, 'sd': 1.1463903188705444, 'min': 0.0, 'max': 5.752500057220459}, 'avg_age_of_acquisition': {'avg': 348.0890808105469, 'sd': 154.2342529296875, 'min': 0.0, 'max': 553.0}, 'avg_concreteness': {'avg': 290.9765319824219, 'sd': 95.50726318359375, 'min': 0.0, 'max': 450.0}, 'avg_imagery': {'avg': 312.4617004394531, 'sd': 95.63235473632812, 'min': 0.0, 'max': 462.8333435058594}, 'avg_familiarity': {'avg': 537.2820434570312, 'sd': 153.42092895507812, 'min': 0.0, 'max': 605.7999877929688}, 'avg_polysemy': {'avg': 6.76339054107666, 'sd': 3.1937506198883057, 'min': 1.0, 'max': 23.0}, 'negations': {'avg': 0.14953270554542542, 'sd': 0.4056548476219177, 'min': 0.0, 'max': 2.0}, 'causal_verbs': {'avg': 0.009345794096589088, 'sd': 0.09622082859277725, 'min': 0.0, 'max': 1.0}, 'intentional_actions': {'avg': 0.0, 'sd': 0.0, 'min': 0.0, 'max': 0.0}, 'word_count': {'avg': 25.056074142456055, 'sd': 18.093645095825195, 'min': 1.0, 'max': 76.0}, 'sentence_length': {'avg': 25.056074142456055, 'sd': 18.093645095825195, 'min': 1.0, 'max': 76.0}, 'function_to_content_ratio': {'avg': 0.7753240466117859, 'sd': 0.4407837390899658, 'min': 0.0, 'max': 3.0}, 'connectives_total': {'avg': 1.0841121673583984, 'sd': 1.2083934545516968, 'min': 0.0, 'max': 6.0}, 'causal_connectives': {'avg': 0.04672897234559059, 'sd': 0.21105773746967316, 'min': 0.0, 'max': 1.0}, 'temporal_connectives': {'avg': 0.05607476457953453, 'sd': 0.23006606101989746, 'min': 0.0, 'max': 1.0}, 'logical_connectives': {'avg': 0.15887850522994995, 'sd': 0.39029181003570557, 'min': 0.0, 'max': 2.0}, 'additive_connectives': {'avg': 0.7943925261497498, 'sd': 1.0388555526733398, 'min': 0.0, 'max': 5.0}, 'adversative_connectives': {'avg': 0.028037382289767265, 'sd': 0.16507960855960846, 'min': 0.0, 'max': 1.0}, 'dependency_depth': {'avg': 6.598130702972412, 'sd': 3.60129714012146, 'min': 0.0, 'max': 17.0}, 'modifiers_per_np': {'avg': 1.0100634098052979, 'sd': 0.7758001089096069, 'min': 0.0, 'max': 4.5}, 'words_before_main_verb': {'avg': 6.355140209197998, 'sd': 10.389833450317383, 'min': 0.0, 'max': 54.0}, 'passive_constructions': {'avg': 0.5794392228126526, 'sd': 1.0593366622924805, 'min': 0.0, 'max': 5.0}, 'content_overlap_adjacent': {'avg': 0.09459630399942398, 'sd': 0.08477862924337387, 'min': 0.0, 'max': 0.38461539149284363}, 'content_overlap_all': {'avg': 0.023441385477781296, 'sd': 0.01730535551905632, 'min': 0.0, 'max': 0.07051282376050949}, 'noun_overlap_adjacent': {'avg': 0.04649452865123749, 'sd': 0.08221203833818436, 'min': 0.0, 'max': 0.5}, 'argument_overlap_adjacent': {'avg': 0.08949711173772812, 'sd': 0.18656609952449799, 'min': 0.0, 'max': 1.0}, 'stem_overlap_all': {'avg': 0.030566416680812836, 'sd': 0.01979927532374859, 'min': 0.0, 'max': 0.08242613077163696}, 'lsa_overlap_adjacent': {'avg': 0.37786349654197693, 'sd': 0.2027803659439087, 'min': -0.03270285576581955, 'max': 0.7796196341514587}, 'lsa_overlap_all': {'avg': 0.26602834463119507, 'sd': 0.10741222649812698, 'min': 0.0, 'max': 0.5450124740600586}, 'lsa_given_new': {'avg': 0.724625825881958, 'sd': 0.12579087913036346, 'min': 0.0, 'max': 0.9919285178184509}, 'lsa_overlap_mean': {'avg': 0.26602834463119507, 'sd': 0.10741222649812698, 'min': 0.0, 'max': 0.5450124740600586}, 'lsa_overlap_std': {'avg': 0.13296307623386383, 'sd': 0.0373711884021759, 'min': 0.0, 'max': 0.27136144042015076}, 'lsa_overlap_max': {'avg': 0.5867289304733276, 'sd': 0.17167411744594574, 'min': 0.0, 'max': 1.0}, 'lsa_overlap_min': {'avg': -0.0011798165505751967, 'sd': 0.07451388984918594, 'min': -0.12804384529590607, 'max': 0.41364797949790955}, 'lsa_novelty': {'avg': 0.4039252698421478, 'sd': 0.1666240096092224, 'min': 0.0, 'max': 0.786957859992981}, 'lsa_shift': {'avg': 0.11183515936136246, 'sd': 0.17946171760559082, 'min': -0.3615516424179077, 'max': 0.6907809972763062}, 'pos_dissimilarity_prev': {'avg': 0.8721073269844055, 'sd': 0.22715969383716583, 'min': 0.0, 'max': 1.0}, 'word_dissimilarity_prev': {'avg': 1.6549338102340698, 'sd': 3.027986526489258, 'min': 0.0, 'max': 18.0}, 'new_word_ratio': {'avg': 0.7676485776901245, 'sd': 0.2288895845413208, 'min': 0.0, 'max': 1.0}, 'verb_overlap_adjacent': {'avg': 0.05136478692293167, 'sd': 0.13172385096549988, 'min': 0.0, 'max': 1.0}, 'embedding_norm': {'avg': 0.9906542301177979, 'sd': 0.09622082859277725, 'min': 0.0, 'max': 1.0000001192092896}, 'embedding_norm_diff': {'avg': 0.0, 'sd': 5.405421177329117e-08, 'min': -2.384185791015625e-07, 'max': 1.1920928955078125e-07}, 'type_token_ratio': {'avg': 0.9719626307487488, 'sd': 0.16507960855960846, 'min': 0.0, 'max': 1.0}, 'lexical_diversity_all': {'avg': 0.24727897346019745, 'sd': 0.024017859250307083, 'min': 0.0, 'max': 0.24961179494857788}, 'lexical_diversity_verbs': {'avg': 0.40859663486480713, 'sd': 0.0396864116191864, 'min': 0.0, 'max': 0.4124513566493988}, 'sentence_length_cohesion': {'avg': 19.654205322265625, 'sd': 12.730936050415039, 'min': 0.0, 'max': 53.0}, 'sentence_length_log': {'avg': 2.7413008213043213, 'sd': 0.8977149128913879, 'min': 0.0, 'max': 3.9889841079711914}}","[-1.37898624e-01 -6.28158078e-02  2.80107232e-03 -7.00623021e-02
  7.03696860e-05  2.70443261e-02  2.65450845e-03  4.08485672e-03
 -1.44373560e-02 -4.45705429e-02 -6.02132932e-04 -1.60992723e-02
  1.91134457e-02  1.52669009e-02  0.00000000e+00  1.09950069e-03
  1.28690889e-02  9.51032780e-05 -4.24439204e-05 -2.12113815e-03
 -2.87526846e-02 -1.44267092e-02  0.00000000e+00  1.87361147e-05
 -5.54106012e-03  3.74394876e-04 -1.80322357e-04 -1.46590965e-03
 -6.51943982e-02 -7.07536563e-02 -9.15035419e-03 -4.85522002e-02
 -1.98306307e-01 -1.55551620e-02 -2.39112619e-02  1.25813289e-02
 -2.57443607e-01  2.25177649e-02 -7.86845759e-03  6.01147413e-02
 -9.44921076e-02 -1.82694923e-02  5.62041160e-03 -6.91872612e-02
 -6.41641319e-02  3.72446491e-03 -4.11170069e-03 -2.22752262e-02
 -1.29950166e-01 -6.07739436e-04  3.34677962e-03  3.95485684e-02
  6.23940341e-02  3.28191146e-02  3.78405340e-02  6.34583048e-05
 -1.00216381e-02 -8.03057197e-03  2.14855392e-02 -1.75451413e-02
  3.59843438e-03  1.74509711e-03  0.00000000e+00 -7.76358531e-04
 -2.23605544e-03 -3.03221890e-03  0.00000000e+00  3.92521237e-04
 -1.30177790e-03 -8.77704239e-04  0.00000000e+00 -2.91105505e-04
 -2.25967690e-02 -5.41778654e-02  5.64550143e-03 -5.67680784e-02
 -3.01310476e-02 -3.01919337e-02  9.35452408e-04 -5.62856235e-02
  8.69077456e-04 -2.72337929e-03 -2.19577970e-03  2.52755964e-03
  3.92482197e-03 -1.69112266e-03 -2.32883958e-05  5.42209600e-04
  2.27331812e-03  1.68276683e-03  0.00000000e+00  2.20710150e-04
  1.28082978e-03  2.84827576e-04  0.00000000e+00 -4.32346977e-04
  4.18085512e-03  7.98297580e-03  0.00000000e+00  3.51843028e-03
 -7.05348386e-04  2.29797937e-04 -2.82440997e-05  1.69690640e-04
 -4.97728214e-03 -8.21766909e-03  0.00000000e+00  5.77570987e-04
 -2.75054704e-02 -3.38656921e-03  0.00000000e+00 -1.93390697e-02
 -5.43564111e-02 -5.36412140e-03  6.20286632e-03 -2.31741136e-03
  5.04606031e-03 -1.56229576e-02 -9.68754850e-03 -1.01879565e-02
  5.43952268e-03 -1.55375181e-02  0.00000000e+00 -7.23049557e-03
  7.62897893e-04  4.99016792e-03  0.00000000e+00  2.37163366e-03
 -1.51717244e-02 -2.14048997e-02  0.00000000e+00 -4.31954749e-02
  6.67845551e-03 -7.54975190e-04  0.00000000e+00 -2.11353023e-02
  1.74304005e-03  6.13206183e-04  0.00000000e+00 -2.49396753e-03
 -1.43791046e-02 -1.00524239e-02  0.00000000e+00 -6.49688253e-03
 -3.25775193e-03  3.59822996e-03 -8.96310620e-03  1.63143445e-02
 -1.04724336e-02 -6.52174838e-03  0.00000000e+00 -7.87085737e-04
 -7.72306602e-03  1.71002094e-02  0.00000000e+00 -1.53373582e-02
 -9.18204617e-03  3.76544456e-04  0.00000000e+00  2.72993604e-03
  3.15458514e-02 -3.15105394e-02  0.00000000e+00 -6.63240440e-03
  7.10768551e-02 -1.94763741e-03  0.00000000e+00 -8.25285092e-02
 -1.71370320e-02 -6.38706284e-03  1.64487362e-02  2.47491663e-03
  3.01097818e-02  6.26665866e-03  0.00000000e+00  1.89792801e-04
 -2.42729243e-02  1.37956785e-02  3.16615799e-03  1.78739335e-03
  7.89652485e-03 -3.57860439e-02  0.00000000e+00  1.29118271e-03
 -2.21757358e-03 -1.75397377e-02  0.00000000e+00  3.74231767e-03
 -1.47576714e-02 -1.31628131e-02  0.00000000e+00 -8.73981602e-03
  3.37525830e-03  3.33981635e-03  0.00000000e+00  2.98961671e-03
 -3.51594016e-03 -5.43032959e-03  0.00000000e+00 -1.93033786e-03
 -2.91670114e-03 -9.20631632e-04 -9.10420995e-03  4.16541472e-04
  2.00384355e-04 -1.15929742e-03  0.00000000e+00  0.00000000e+00
 -2.17648335e-02 -2.89260992e-04  0.00000000e+00 -3.62211429e-02
  2.38008844e-03  7.39060575e-03  0.00000000e+00  7.26907142e-03
 -5.89970825e-03 -1.93747897e-02  0.00000000e+00 -8.22243933e-03
 -7.53831584e-03  1.55027292e-03  0.00000000e+00 -6.07823767e-03]"
5,Cedars-Sinai,cedars-sinai/,CA,Private,3,financial-assistance-application-cedars-sinai,https://www.cedars-sinai.org/content/dam/cedars-sinai/billing-insurance/financial-assistance/documents/faps/fap-application-english.pdf,-2.447913885116577,12.94386867179432,18.20955267286573,19.60973502926213,17.760142348754453,8.376493169555733,14.333333333333334,22.64491638923966,12.440127995255041,"{'nouns': {'avg': 9.068181991577148, 'sd': 12.683915138244629, 'min': 0.0, 'max': 69.0}, 'verbs': {'avg': 2.090909004211426, 'sd': 1.8193178176879883, 'min': 0.0, 'max': 7.0}, 'adjectives': {'avg': 1.454545497894287, 'sd': 2.39748477935791, 'min': 0.0, 'max': 14.0}, 'adverbs': {'avg': 0.3181818127632141, 'sd': 0.731521725654602, 'min': 0.0, 'max': 3.0}, 'pronouns': {'avg': 0.9090909361839294, 'sd': 1.1244834661483765, 'min': 0.0, 'max': 3.0}, 'first_person_pronouns': {'avg': 0.3181818127632141, 'sd': 0.7912225127220154, 'min': 0.0, 'max': 3.0}, 'third_person_pronouns': {'avg': 0.5909090638160706, 'sd': 0.7780565023422241, 'min': 0.0, 'max': 3.0}, 'avg_syllables_per_word': {'avg': 1.602043628692627, 'sd': 0.36948660016059875, 'min': 1.0, 'max': 2.5}, 'avg_word_frequency_log': {'avg': 5.436263561248779, 'sd': 0.5956420302391052, 'min': 3.7477500438690186, 'max': 6.349999904632568}, 'avg_content_word_frequency_log': {'avg': 4.070321559906006, 'sd': 1.6488828659057617, 'min': 0.0, 'max': 5.495999813079834}, 'avg_age_of_acquisition': {'avg': 297.8257141113281, 'sd': 168.16998291015625, 'min': 0.0, 'max': 487.0}, 'avg_concreteness': {'avg': 296.0898742675781, 'sd': 98.984619140625, 'min': 0.0, 'max': 525.0}, 'avg_imagery': {'avg': 319.21026611328125, 'sd': 104.15028381347656, 'min': 0.0, 'max': 503.0}, 'avg_familiarity': {'avg': 546.2465209960938, 'sd': 148.7399139404297, 'min': 0.0, 'max': 613.375}, 'avg_polysemy': {'avg': 6.936707019805908, 'sd': 3.9171125888824463, 'min': 1.0, 'max': 22.66666603088379}, 'negations': {'avg': 0.11363636702299118, 'sd': 0.31736910343170166, 'min': 0.0, 'max': 1.0}, 'causal_verbs': {'avg': 0.022727273404598236, 'sd': 0.14903269708156586, 'min': 0.0, 'max': 1.0}, 'intentional_actions': {'avg': 0.0, 'sd': 0.0, 'min': 0.0, 'max': 0.0}, 'word_count': {'avg': 20.727272033691406, 'sd': 23.992769241333008, 'min': 1.0, 'max': 151.0}, 'sentence_length': {'avg': 20.727272033691406, 'sd': 23.992769241333008, 'min': 1.0, 'max': 151.0}, 'function_to_content_ratio': {'avg': 0.7800514101982117, 'sd': 0.48985734581947327, 'min': 0.0, 'max': 2.0}, 'connectives_total': {'avg': 0.9090909361839294, 'sd': 1.1244832277297974, 'min': 0.0, 'max': 6.0}, 'causal_connectives': {'avg': 0.04545454680919647, 'sd': 0.20829889178276062, 'min': 0.0, 'max': 1.0}, 'temporal_connectives': {'avg': 0.04545454680919647, 'sd': 0.20829889178276062, 'min': 0.0, 'max': 1.0}, 'logical_connectives': {'avg': 0.27272728085517883, 'sd': 0.4937627911567688, 'min': 0.0, 'max': 2.0}, 'additive_connectives': {'avg': 0.5227272510528564, 'sd': 1.0550450086593628, 'min': 0.0, 'max': 6.0}, 'adversative_connectives': {'avg': 0.022727273404598236, 'sd': 0.14903269708156586, 'min': 0.0, 'max': 1.0}, 'dependency_depth': {'avg': 4.9772725105285645, 'sd': 3.519353151321411, 'min': 0.0, 'max': 17.0}, 'modifiers_per_np': {'avg': 1.2174910306930542, 'sd': 1.1990431547164917, 'min': 0.0, 'max': 6.0}, 'words_before_main_verb': {'avg': 7.386363506317139, 'sd': 19.7647705078125, 'min': 0.0, 'max': 134.0}, 'passive_constructions': {'avg': 0.4545454680919647, 'sd': 1.09657621383667, 'min': 0.0, 'max': 6.0}, 'content_overlap_adjacent': {'avg': 0.06839922070503235, 'sd': 0.07565870881080627, 'min': 0.0, 'max': 0.2631579041481018}, 'content_overlap_all': {'avg': 0.041026193648576736, 'sd': 0.03626685217022896, 'min': 0.0, 'max': 0.20171673595905304}, 'noun_overlap_adjacent': {'avg': 0.04309474304318428, 'sd': 0.0735597163438797, 'min': 0.0, 'max': 0.25}, 'argument_overlap_adjacent': {'avg': 0.04074675589799881, 'sd': 0.09140727669000626, 'min': 0.0, 'max': 0.3333333432674408}, 'stem_overlap_all': {'avg': 0.049985624849796295, 'sd': 0.042427919805049896, 'min': 0.0, 'max': 0.2373417764902115}, 'lsa_overlap_adjacent': {'avg': 0.3403254449367523, 'sd': 0.20536093413829803, 'min': -0.04101036861538887, 'max': 0.7511330842971802}, 'lsa_overlap_all': {'avg': 0.2405957728624344, 'sd': 0.09201907366514206, 'min': 0.0, 'max': 0.4010480046272278}, 'lsa_given_new': {'avg': 0.7366769313812256, 'sd': 0.14050652086734772, 'min': 0.0, 'max': 0.9168774485588074}, 'lsa_overlap_mean': {'avg': 0.2405957728624344, 'sd': 0.09201907366514206, 'min': 0.0, 'max': 0.4010480046272278}, 'lsa_overlap_std': {'avg': 0.12664483487606049, 'sd': 0.06208879500627518, 'min': 0.0, 'max': 0.2785412073135376}, 'lsa_overlap_max': {'avg': 0.551494300365448, 'sd': 0.22691656649112701, 'min': 0.0, 'max': 1.000000238418579}, 'lsa_overlap_min': {'avg': 0.0613715797662735, 'sd': 0.10371551662683487, 'min': -0.07823923975229263, 'max': 0.3863530158996582}, 'lsa_novelty': {'avg': 0.42577841877937317, 'sd': 0.22053104639053345, 'min': -2.384185791015625e-07, 'max': 0.7972208857536316}, 'lsa_shift': {'avg': 0.09972966462373734, 'sd': 0.20751826465129852, 'min': -0.32130488753318787, 'max': 0.6563253402709961}, 'pos_dissimilarity_prev': {'avg': 0.8446909189224243, 'sd': 0.2800057828426361, 'min': 0.0, 'max': 1.0}, 'word_dissimilarity_prev': {'avg': 2.090579032897949, 'sd': 3.4041154384613037, 'min': 0.0, 'max': 17.0}, 'new_word_ratio': {'avg': 0.819053590297699, 'sd': 0.22832587361335754, 'min': 0.0, 'max': 1.0}, 'verb_overlap_adjacent': {'avg': 0.039898987859487534, 'sd': 0.10452897846698761, 'min': 0.0, 'max': 0.5}, 'embedding_norm': {'avg': 0.9772727489471436, 'sd': 0.14903269708156586, 'min': 0.0, 'max': 1.0}, 'embedding_norm_diff': {'avg': 0.0, 'sd': 4.214684778958144e-08, 'min': -5.960464477539063e-08, 'max': 5.960464477539063e-08}, 'type_token_ratio': {'avg': 0.9772727489471436, 'sd': 0.14903269708156586, 'min': 0.0, 'max': 1.0}, 'lexical_diversity_all': {'avg': 0.3574284613132477, 'sd': 0.05450733006000519, 'min': 0.0, 'max': 0.36574074625968933}, 'lexical_diversity_verbs': {'avg': 0.5417490005493164, 'sd': 0.08261594921350479, 'min': 0.0, 'max': 0.554347813129425}, 'sentence_length_cohesion': {'avg': 15.795454978942871, 'sd': 13.407221794128418, 'min': 0.0, 'max': 75.0}, 'sentence_length_log': {'avg': 2.4409987926483154, 'sd': 0.9980417490005493, 'min': 0.0, 'max': 4.330733299255371}}","[-1.38003424e-01 -6.62339106e-02  2.16896040e-03 -7.41038844e-02
 -7.36615853e-04  2.10868623e-02  3.54422233e-03 -1.26351614e-03
 -7.15161161e-03 -5.06447665e-02 -6.02132932e-04 -1.91468541e-02
  1.83959063e-02  1.12832524e-02  0.00000000e+00  1.91864581e-03
 -3.35297664e-03  1.01158954e-03 -2.34503677e-04  1.94088963e-04
 -2.12525707e-02 -1.69475581e-02  0.00000000e+00  1.87361147e-05
 -5.35948528e-03 -5.02297468e-03 -1.80322357e-04 -5.32189035e-04
 -7.60274604e-02 -6.57323524e-02 -2.86144391e-03 -5.41329943e-02
 -8.44774917e-02 -2.10105479e-02 -2.05842163e-02  1.33948857e-02
 -2.61463255e-01  8.95536318e-02  4.42430284e-03  4.55755144e-02
 -8.45371485e-02 -5.68124913e-02  6.17032684e-03 -5.72153926e-02
 -5.55979088e-02  5.11170877e-03  3.04969726e-03 -1.98819358e-02
 -1.15775868e-01 -9.46084328e-04  8.10107403e-03  3.75659503e-02
  6.62039742e-02  3.35806906e-02  3.98913287e-02  2.56244978e-03
 -1.74053069e-02 -1.61728617e-02  2.66018659e-02 -2.40756907e-02
  3.21196183e-03  1.89031439e-03  0.00000000e+00 -2.81098386e-04
 -1.91443856e-03 -3.00545688e-03  0.00000000e+00  3.92521237e-04
 -1.34026771e-03 -9.98591888e-04  0.00000000e+00 -7.93131767e-04
 -3.22918117e-04 -6.31271601e-02  6.55620405e-03 -5.79862669e-02
 -1.35668227e-03 -4.15448137e-02 -1.21161895e-04 -5.30426130e-02
  1.70833152e-03 -4.71963640e-03 -1.02423772e-03 -2.45853141e-03
  2.57777493e-03 -1.65217766e-03 -2.32883958e-05  5.42209600e-04
  2.72648735e-03  1.53759762e-03  0.00000000e+00  2.20710150e-04
  8.87702219e-04  5.66469331e-04  0.00000000e+00 -1.01929749e-04
  5.00831008e-03  9.58356820e-03  0.00000000e+00  3.51843028e-03
 -5.85304154e-03  1.72944367e-03 -2.82440997e-05  1.39473705e-04
 -3.48143699e-03 -5.58960577e-03  0.00000000e+00  8.88155482e-04
  3.80460583e-02 -5.58088766e-04  0.00000000e+00 -1.97389293e-02
 -6.10382855e-02 -8.58145580e-03  5.83189819e-03 -2.14894279e-03
  6.75391778e-03 -8.00739788e-03 -1.02992672e-02 -1.26483878e-02
  7.08578900e-03 -1.80405919e-02  0.00000000e+00 -3.35412733e-02
 -3.97821236e-03  8.41520820e-03  0.00000000e+00 -5.66390634e-04
 -1.40962861e-02 -1.37509871e-02  0.00000000e+00  3.60093458e-04
  6.75105350e-03  4.51863540e-04  0.00000000e+00  2.57975701e-03
 -3.68250126e-04  2.76125123e-04  0.00000000e+00 -5.12519473e-05
 -1.27498657e-02 -1.04303593e-02  0.00000000e+00 -4.36327420e-04
 -1.50121993e-03  6.84640231e-03 -9.40715708e-03  1.38612390e-02
 -1.26108183e-02 -8.76085740e-03  0.00000000e+00  1.47589587e-03
 -1.02882003e-02  1.46573409e-02  0.00000000e+00 -1.04166204e-02
 -6.49512280e-03  2.57404288e-03  0.00000000e+00 -3.50692193e-03
  1.77415125e-02  2.59340014e-02  0.00000000e+00 -7.40010804e-03
  7.42344931e-02  1.44044068e-02  0.00000000e+00 -8.41182172e-02
 -1.61976814e-02  1.30311365e-03  1.37878144e-02  2.88349879e-03
  2.13196259e-02 -3.55462171e-03  0.00000000e+00  1.22606452e-03
 -2.35738549e-02  1.24828042e-02  4.51072957e-03  2.93125235e-03
  1.37727177e-02 -3.99746560e-02  0.00000000e+00  1.31793262e-03
  1.56598305e-03 -1.64735857e-02  0.00000000e+00  4.91591264e-03
 -1.37250545e-02 -1.10767176e-02  0.00000000e+00 -9.10497829e-03
  1.45780365e-03  2.86186440e-03  0.00000000e+00  4.98525985e-03
 -3.30742891e-03 -5.78963384e-03  0.00000000e+00  1.21514348e-03
 -2.54973699e-03  5.94594283e-03  1.29318726e-03  1.87588332e-04
  5.38231223e-04 -9.32705880e-04  0.00000000e+00  0.00000000e+00
 -2.02039070e-02  1.52315450e-04  0.00000000e+00 -3.71546596e-02
 -2.38970993e-03  6.19558478e-03  0.00000000e+00  9.58240777e-03
 -4.92560165e-03 -1.82403158e-02  0.00000000e+00 -7.45105604e-03
  2.86573428e-03  1.85608194e-04  0.00000000e+00 -1.06361508e-02]"
6,Cedars-Sinai,cedars-sinai/,CA,Private,3,financial-assistance-summary-cedars-sinai,https://www.cedars-sinai.org/content/dam/cedars-sinai/billing-insurance/financial-assistance/documents/plain-language-summary-english-audio.pdf,-2.0664916038513184,22.536754173569534,15.515939849624061,17.122413403193683,16.774576271186444,7.4021998215878675,39.5,19.251637568497515,11.902347126290303,"{'nouns': {'avg': 9.333333015441895, 'sd': 7.195678234100342, 'min': 2.0, 'max': 43.0}, 'verbs': {'avg': 2.777777671813965, 'sd': 2.122774839401245, 'min': 0.0, 'max': 7.0}, 'adjectives': {'avg': 1.8333333730697632, 'sd': 1.5898985862731934, 'min': 0.0, 'max': 6.0}, 'adverbs': {'avg': 0.4722222089767456, 'sd': 0.9856218099594116, 'min': 0.0, 'max': 4.0}, 'pronouns': {'avg': 1.25, 'sd': 1.6393595933914185, 'min': 0.0, 'max': 7.0}, 'first_person_pronouns': {'avg': 0.3055555522441864, 'sd': 0.5685968995094299, 'min': 0.0, 'max': 2.0}, 'third_person_pronouns': {'avg': 0.9444444179534912, 'sd': 1.3528661727905273, 'min': 0.0, 'max': 6.0}, 'avg_syllables_per_word': {'avg': 1.6298562288284302, 'sd': 0.27616187930107117, 'min': 0.6666666865348816, 'max': 2.1363637447357178}, 'avg_word_frequency_log': {'avg': 5.399296760559082, 'sd': 0.6158526539802551, 'min': 3.0480000972747803, 'max': 6.103846073150635}, 'avg_content_word_frequency_log': {'avg': 4.651809215545654, 'sd': 0.4495837092399597, 'min': 3.0480000972747803, 'max': 5.389999866485596}, 'avg_age_of_acquisition': {'avg': 357.88543701171875, 'sd': 135.59933471679688, 'min': 0.0, 'max': 547.0}, 'avg_concreteness': {'avg': 302.5860290527344, 'sd': 38.96636962890625, 'min': 201.0, 'max': 372.0}, 'avg_imagery': {'avg': 322.2618103027344, 'sd': 45.85695266723633, 'min': 217.0, 'max': 432.0}, 'avg_familiarity': {'avg': 584.75830078125, 'sd': 16.44120216369629, 'min': 544.6666870117188, 'max': 632.0}, 'avg_polysemy': {'avg': 7.301755428314209, 'sd': 2.2207188606262207, 'min': 3.0, 'max': 16.25}, 'negations': {'avg': 0.1388888955116272, 'sd': 0.4185144007205963, 'min': 0.0, 'max': 2.0}, 'causal_verbs': {'avg': 0.02777777798473835, 'sd': 0.16433553397655487, 'min': 0.0, 'max': 1.0}, 'intentional_actions': {'avg': 0.02777777798473835, 'sd': 0.16433553397655487, 'min': 0.0, 'max': 1.0}, 'word_count': {'avg': 23.69444465637207, 'sd': 14.67579174041748, 'min': 4.0, 'max': 79.0}, 'sentence_length': {'avg': 23.69444465637207, 'sd': 14.67579174041748, 'min': 4.0, 'max': 79.0}, 'function_to_content_ratio': {'avg': 0.7086598873138428, 'sd': 0.27793458104133606, 'min': 0.0, 'max': 1.3333333730697632}, 'connectives_total': {'avg': 0.9444444179534912, 'sd': 1.2234841585159302, 'min': 0.0, 'max': 5.0}, 'causal_connectives': {'avg': 0.02777777798473835, 'sd': 0.16433553397655487, 'min': 0.0, 'max': 1.0}, 'temporal_connectives': {'avg': 0.02777777798473835, 'sd': 0.16433553397655487, 'min': 0.0, 'max': 1.0}, 'logical_connectives': {'avg': 0.1388888955116272, 'sd': 0.4185144007205963, 'min': 0.0, 'max': 2.0}, 'additive_connectives': {'avg': 0.7222222089767456, 'sd': 1.0957268476486206, 'min': 0.0, 'max': 5.0}, 'adversative_connectives': {'avg': 0.02777777798473835, 'sd': 0.16433553397655487, 'min': 0.0, 'max': 1.0}, 'dependency_depth': {'avg': 6.55555534362793, 'sd': 3.244178056716919, 'min': 2.0, 'max': 16.0}, 'modifiers_per_np': {'avg': 1.05377197265625, 'sd': 0.40994998812675476, 'min': 0.3076923191547394, 'max': 2.0}, 'words_before_main_verb': {'avg': 8.0, 'sd': 7.067138195037842, 'min': 0.0, 'max': 25.0}, 'passive_constructions': {'avg': 0.4444444477558136, 'sd': 0.8642416000366211, 'min': 0.0, 'max': 3.0}, 'content_overlap_adjacent': {'avg': 0.09463707357645035, 'sd': 0.060948144644498825, 'min': 0.0, 'max': 0.22641509771347046}, 'content_overlap_all': {'avg': 0.05079972743988037, 'sd': 0.027425415813922882, 'min': 0.0, 'max': 0.0972222238779068}, 'noun_overlap_adjacent': {'avg': 0.08386292308568954, 'sd': 0.09069322794675827, 'min': 0.0, 'max': 0.27272728085517883}, 'argument_overlap_adjacent': {'avg': 0.06924603134393692, 'sd': 0.12294721603393555, 'min': 0.0, 'max': 0.5}, 'stem_overlap_all': {'avg': 0.06175925210118294, 'sd': 0.031822092831134796, 'min': 0.0, 'max': 0.11999999731779099}, 'lsa_overlap_adjacent': {'avg': 0.37326180934906006, 'sd': 0.1823337823152542, 'min': 0.0, 'max': 0.7213433980941772}, 'lsa_overlap_all': {'avg': 0.31823891401290894, 'sd': 0.10737767070531845, 'min': 0.0, 'max': 0.5179376602172852}, 'lsa_given_new': {'avg': 0.6539833545684814, 'sd': 0.14441674947738647, 'min': 0.0, 'max': 0.8559728264808655}, 'lsa_overlap_mean': {'avg': 0.31823891401290894, 'sd': 0.10737767070531845, 'min': 0.0, 'max': 0.5179376602172852}, 'lsa_overlap_std': {'avg': 0.11806271970272064, 'sd': 0.04939740151166916, 'min': 0.0, 'max': 0.2185966819524765}, 'lsa_overlap_max': {'avg': 0.5452273488044739, 'sd': 0.16325627267360687, 'min': 0.0, 'max': 0.8270114660263062}, 'lsa_overlap_min': {'avg': 0.11951085925102234, 'sd': 0.08039446175098419, 'min': -0.0012468621134757996, 'max': 0.32656222581863403}, 'lsa_novelty': {'avg': 0.4269948899745941, 'sd': 0.1528671830892563, 'min': 0.0, 'max': 0.6899173855781555}, 'lsa_shift': {'avg': 0.055022891610860825, 'sd': 0.14309749007225037, 'min': -0.2505500018596649, 'max': 0.4257606863975525}, 'pos_dissimilarity_prev': {'avg': 0.8974589109420776, 'sd': 0.15947166085243225, 'min': 0.0, 'max': 1.0}, 'word_dissimilarity_prev': {'avg': 1.1143168210983276, 'sd': 1.418808102607727, 'min': 0.0, 'max': 7.0}, 'new_word_ratio': {'avg': 0.7793453931808472, 'sd': 0.18195688724517822, 'min': 0.0, 'max': 1.0}, 'verb_overlap_adjacent': {'avg': 0.02708333358168602, 'sd': 0.07464874535799026, 'min': 0.0, 'max': 0.3333333432674408}, 'embedding_norm': {'avg': 0.9722222089767456, 'sd': 0.16433553397655487, 'min': 0.0, 'max': 1.0}, 'embedding_norm_diff': {'avg': 0.0, 'sd': 3.717002527992008e-08, 'min': -5.960464477539063e-08, 'max': 5.960464477539063e-08}, 'type_token_ratio': {'avg': 0.9722222089767456, 'sd': 0.16433553397655487, 'min': 0.0, 'max': 1.0}, 'lexical_diversity_all': {'avg': 0.3488835394382477, 'sd': 0.058972083032131195, 'min': 0.0, 'max': 0.35885167121887207}, 'lexical_diversity_verbs': {'avg': 0.5499438643455505, 'sd': 0.09295747429132462, 'min': 0.0, 'max': 0.5656565427780151}, 'sentence_length_cohesion': {'avg': 18.52777862548828, 'sd': 9.54662799835205, 'min': 0.0, 'max': 36.0}, 'sentence_length_log': {'avg': 2.776177406311035, 'sd': 0.746789813041687, 'min': 0.0, 'max': 3.610917806625366}}","[-1.43243223e-01 -6.52227923e-02  1.88405567e-03 -7.26146400e-02
  4.99946647e-04  2.87596714e-02  2.84155714e-03  4.64983095e-05
 -1.42616862e-02 -3.76408361e-03  1.31561654e-04 -2.57332753e-02
  2.33670790e-02 -4.74267174e-03  0.00000000e+00  1.15833909e-03
  1.39645720e-02 -1.26429333e-03  8.65033217e-05 -2.01743888e-03
 -3.10100000e-02 -1.53188678e-02  0.00000000e+00 -2.39049667e-03
 -2.20542960e-03  1.20003952e-03 -1.80322357e-04 -1.47079420e-03
 -8.35748687e-02 -1.97531972e-02 -9.58293676e-03 -3.49928662e-02
 -8.77735540e-02 -2.30983552e-02 -2.12929379e-02 -7.05693057e-03
  4.04250398e-02 -9.87084489e-03 -5.87588698e-02  4.59662452e-02
 -8.94368216e-02  6.50892314e-03  9.29168705e-03 -4.85535488e-02
 -4.27770764e-02  1.51523843e-03 -6.41922513e-03  1.16297361e-02
 -1.10311784e-01  2.03016214e-03  5.38611785e-03  4.44755778e-02
 -2.44354941e-02  1.39720822e-02  3.94203030e-02  2.69084815e-02
 -1.52968774e-02  2.39854492e-03  7.52452202e-03  1.18868127e-02
  4.07489296e-03 -7.23019661e-03  0.00000000e+00 -7.76358531e-04
 -3.06454091e-03 -3.00764875e-03  0.00000000e+00  3.92521237e-04
 -9.60965641e-04 -1.11188157e-03  0.00000000e+00  1.85919821e-03
 -2.25416590e-02 -6.02728873e-02  1.22184795e-03 -6.15171529e-02
 -3.04201599e-02 -3.70067693e-02  3.33963253e-04 -5.37908301e-02
  4.91424371e-03 -1.48801191e-03  1.12546119e-03 -2.68630031e-03
  1.30260736e-03 -1.88151607e-03 -2.32883958e-05  2.31893646e-04
  3.63429077e-03  3.72961303e-03  0.00000000e+00  2.20710150e-04
  7.51629355e-04  1.84266455e-03  0.00000000e+00 -3.98241216e-04
 -9.82630663e-05  5.19052986e-03  0.00000000e+00  1.13211943e-04
  1.91324728e-03  2.10742070e-03 -2.82440997e-05  6.86356740e-04
 -4.17022267e-03 -1.99136464e-03  0.00000000e+00 -4.58590686e-04
 -2.30041966e-02 -2.47721141e-03  0.00000000e+00 -2.79933698e-02
 -5.19059934e-02  2.16650986e-03 -7.93236890e-04 -2.61142035e-03
  4.15393384e-03 -5.01030218e-03 -8.24854337e-03 -5.91039006e-03
  3.91231524e-03  1.40503258e-03  0.00000000e+00 -1.56549993e-03
  3.05658090e-03  7.69990543e-03  0.00000000e+00  6.12920150e-04
 -1.51047856e-02 -1.84831917e-02  0.00000000e+00 -4.04809192e-02
  2.37308023e-03  8.96785315e-03  0.00000000e+00  2.09332467e-03
  3.86749802e-04  1.58101284e-05  0.00000000e+00 -4.51895103e-05
 -1.43967429e-02 -7.49405799e-03  0.00000000e+00 -7.36942282e-03
 -2.47406261e-03 -2.39861873e-03  2.47070304e-04  1.58144161e-02
  6.17481349e-03 -2.66032666e-03  0.00000000e+00 -3.00965854e-03
 -2.81757163e-03  2.49813031e-02  0.00000000e+00  4.02013166e-03
  4.81998594e-03  1.47918623e-03  0.00000000e+00  1.56984315e-03
  2.92579234e-02 -1.08964555e-02  0.00000000e+00  4.08980530e-03
  8.60632658e-02 -2.61908653e-03  0.00000000e+00  3.41772027e-02
  5.93552971e-03  3.78334953e-04  6.85530249e-04  1.19198766e-03
  2.65982579e-02  5.44674648e-03  0.00000000e+00 -1.48783007e-03
  1.39963347e-02  1.07537294e-02  3.43112787e-03 -1.34177995e-03
  1.21493787e-02 -3.37837525e-02  0.00000000e+00  1.45564484e-03
  3.00688227e-03  3.09268758e-03  0.00000000e+00 -9.84917954e-03
 -1.27857309e-02 -1.75314434e-02  0.00000000e+00 -7.76554178e-03
  2.62820115e-03  1.03785750e-02  0.00000000e+00  3.16859107e-03
 -2.56928336e-03 -5.37050841e-03  0.00000000e+00  1.89779559e-04
 -4.56529716e-03  6.32709358e-04  1.09909347e-03  3.40922794e-04
  9.41522361e-04 -3.58370715e-04  0.00000000e+00  0.00000000e+00
 -3.63318957e-02 -3.37027363e-03  0.00000000e+00 -4.71356921e-02
 -1.41162032e-04  6.27929205e-03  0.00000000e+00  3.57295410e-03
 -4.94110445e-03  4.59175440e-04  0.00000000e+00 -3.76027892e-03
 -1.29425433e-02  3.20635131e-03  0.00000000e+00 -5.09078614e-03]"
7,Cedars-Sinai,cedars-sinai/,CA,Private,3,financial-assistance-guidelines-cedars-sinai,https://www.cedars-sinai.org/content/dam/cedars-sinai/billing-insurance/financial-assistance/documents/fpl-percentage.pdf,-2.13708233833313,17.577380952380963,16.604285714285712,17.5058628484301,17.15142857142857,7.691857142857142,18.0,19.61904761904762,15.395690476190477,"{'nouns': {'avg': 24.0, 'sd': 10.0, 'min': 14.0, 'max': 34.0}, 'verbs': {'avg': 1.5, 'sd': 0.5, 'min': 1.0, 'max': 2.0}, 'adjectives': {'avg': 2.5, 'sd': 1.5, 'min': 1.0, 'max': 4.0}, 'adverbs': {'avg': 0.0, 'sd': 0.0, 'min': 0.0, 'max': 0.0}, 'pronouns': {'avg': 0.0, 'sd': 0.0, 'min': 0.0, 'max': 0.0}, 'first_person_pronouns': {'avg': 0.0, 'sd': 0.0, 'min': 0.0, 'max': 0.0}, 'third_person_pronouns': {'avg': 0.0, 'sd': 0.0, 'min': 0.0, 'max': 0.0}, 'avg_syllables_per_word': {'avg': 1.3299999237060547, 'sd': 0.22999995946884155, 'min': 1.100000023841858, 'max': 1.559999942779541}, 'avg_word_frequency_log': {'avg': 4.406599998474121, 'sd': 0.4405999183654785, 'min': 3.9660000801086426, 'max': 4.8471999168396}, 'avg_content_word_frequency_log': {'avg': 3.9079108238220215, 'sd': 0.5915006399154663, 'min': 3.3164103031158447, 'max': 4.499411582946777}, 'avg_age_of_acquisition': {'avg': 372.3888854980469, 'sd': 37.388885498046875, 'min': 335.0, 'max': 409.77777099609375}, 'avg_concreteness': {'avg': 352.8730163574219, 'sd': 9.349212646484375, 'min': 343.5238037109375, 'max': 362.22222900390625}, 'avg_imagery': {'avg': 366.16522216796875, 'sd': 3.0347900390625, 'min': 363.13043212890625, 'max': 369.20001220703125}, 'avg_familiarity': {'avg': 572.8717041015625, 'sd': 7.828277587890625, 'min': 565.04345703125, 'max': 580.7000122070312}, 'avg_polysemy': {'avg': 4.8059210777282715, 'sd': 0.9309210777282715, 'min': 3.875, 'max': 5.736842155456543}, 'negations': {'avg': 0.0, 'sd': 0.0, 'min': 0.0, 'max': 0.0}, 'causal_verbs': {'avg': 0.0, 'sd': 0.0, 'min': 0.0, 'max': 0.0}, 'intentional_actions': {'avg': 0.0, 'sd': 0.0, 'min': 0.0, 'max': 0.0}, 'word_count': {'avg': 37.0, 'sd': 13.0, 'min': 24.0, 'max': 50.0}, 'sentence_length': {'avg': 37.0, 'sd': 13.0, 'min': 24.0, 'max': 50.0}, 'function_to_content_ratio': {'avg': 0.5679513216018677, 'sd': 0.15618659555912018, 'min': 0.4117647111415863, 'max': 0.7241379022598267}, 'connectives_total': {'avg': 1.0, 'sd': 0.0, 'min': 1.0, 'max': 1.0}, 'causal_connectives': {'avg': 0.0, 'sd': 0.0, 'min': 0.0, 'max': 0.0}, 'temporal_connectives': {'avg': 0.0, 'sd': 0.0, 'min': 0.0, 'max': 0.0}, 'logical_connectives': {'avg': 0.0, 'sd': 0.0, 'min': 0.0, 'max': 0.0}, 'additive_connectives': {'avg': 1.0, 'sd': 0.0, 'min': 1.0, 'max': 1.0}, 'adversative_connectives': {'avg': 0.0, 'sd': 0.0, 'min': 0.0, 'max': 0.0}, 'dependency_depth': {'avg': 5.5, 'sd': 0.5, 'min': 5.0, 'max': 6.0}, 'modifiers_per_np': {'avg': 1.9479167461395264, 'sd': 0.6145833134651184, 'min': 1.3333333730697632, 'max': 2.5625}, 'words_before_main_verb': {'avg': 22.5, 'sd': 19.5, 'min': 3.0, 'max': 42.0}, 'passive_constructions': {'avg': 0.0, 'sd': 0.0, 'min': 0.0, 'max': 0.0}, 'content_overlap_adjacent': {'avg': 0.09756097197532654, 'sd': 0.09756097197532654, 'min': 0.0, 'max': 0.19512194395065308}, 'content_overlap_all': {'avg': 0.21153846383094788, 'sd': 0.21153846383094788, 'min': 0.0, 'max': 0.42307692766189575}, 'noun_overlap_adjacent': {'avg': 0.0, 'sd': 0.0, 'min': 0.0, 'max': 0.0}, 'argument_overlap_adjacent': {'avg': 0.0, 'sd': 0.0, 'min': 0.0, 'max': 0.0}, 'stem_overlap_all': {'avg': 0.2073170691728592, 'sd': 0.2073170691728592, 'min': 0.0, 'max': 0.4146341383457184}, 'lsa_overlap_adjacent': {'avg': 0.19264140725135803, 'sd': 0.19264140725135803, 'min': 0.0, 'max': 0.38528281450271606}, 'lsa_overlap_all': {'avg': 0.19264140725135803, 'sd': 0.19264140725135803, 'min': 0.0, 'max': 0.38528281450271606}, 'lsa_given_new': {'avg': 0.30735859274864197, 'sd': 0.30735859274864197, 'min': 0.0, 'max': 0.6147171854972839}, 'lsa_overlap_mean': {'avg': 0.19264140725135803, 'sd': 0.19264140725135803, 'min': 0.0, 'max': 0.38528281450271606}, 'lsa_overlap_std': {'avg': 0.0, 'sd': 0.0, 'min': 0.0, 'max': 0.0}, 'lsa_overlap_max': {'avg': 0.19264140725135803, 'sd': 0.19264140725135803, 'min': 0.0, 'max': 0.38528281450271606}, 'lsa_overlap_min': {'avg': 0.19264140725135803, 'sd': 0.19264140725135803, 'min': 0.0, 'max': 0.38528281450271606}, 'lsa_novelty': {'avg': 0.30735859274864197, 'sd': 0.30735859274864197, 'min': 0.0, 'max': 0.6147171854972839}, 'lsa_shift': {'avg': 0.0, 'sd': 0.0, 'min': 0.0, 'max': 0.0}, 'pos_dissimilarity_prev': {'avg': 0.4324324429035187, 'sd': 0.4324324429035187, 'min': 0.0, 'max': 0.8648648858070374}, 'word_dissimilarity_prev': {'avg': 0.140625, 'sd': 0.140625, 'min': 0.0, 'max': 0.28125}, 'new_word_ratio': {'avg': 0.2647058963775635, 'sd': 0.2647058963775635, 'min': 0.0, 'max': 0.529411792755127}, 'verb_overlap_adjacent': {'avg': 0.0, 'sd': 0.0, 'min': 0.0, 'max': 0.0}, 'embedding_norm': {'avg': 0.5, 'sd': 0.5, 'min': 0.0, 'max': 1.0}, 'embedding_norm_diff': {'avg': 0.0, 'sd': 0.0, 'min': 0.0, 'max': 0.0}, 'type_token_ratio': {'avg': 0.5, 'sd': 0.5, 'min': 0.0, 'max': 1.0}, 'lexical_diversity_all': {'avg': 0.3660714328289032, 'sd': 0.3660714328289032, 'min': 0.0, 'max': 0.7321428656578064}, 'lexical_diversity_verbs': {'avg': 0.5, 'sd': 0.5, 'min': 0.0, 'max': 1.0}, 'sentence_length_cohesion': {'avg': 8.5, 'sd': 8.5, 'min': 0.0, 'max': 17.0}, 'sentence_length_log': {'avg': 1.445185899734497, 'sd': 1.445185899734497, 'min': 0.0, 'max': 2.890371799468994}}","[-1.21366039e-01 -5.46543673e-02  5.05256816e-04 -4.93035652e-02
 -6.72244839e-03 -4.42718901e-02 -2.56539229e-03 -3.56387091e-03
 -7.22654816e-03  3.85667617e-03  2.36655818e-04  7.46691460e-03
  3.11724171e-02  1.13795502e-02  0.00000000e+00  4.66466229e-03
 -1.12597896e-02  6.74582878e-03  5.30712241e-05  9.17205005e-04
  2.40713526e-02  1.53827919e-02  0.00000000e+00  1.59416115e-03
 -2.71696988e-02 -1.31453816e-02 -4.86409590e-05 -3.67148570e-03
 -1.01766083e-02 -1.33540891e-02  1.29973621e-03  4.44692094e-03
 -1.61834255e-01 -1.71197671e-02 -2.78466474e-02 -6.56320751e-02
 -2.78790087e-01 -1.80316083e-02 -6.89655393e-02 -1.59549072e-01
 -9.44976956e-02  1.15494318e-02 -4.65650894e-02 -4.13883403e-02
  7.45506138e-02  3.15927347e-04  1.54434610e-02  9.13990382e-03
  9.92041752e-02 -8.86792038e-03  5.92396744e-02 -1.39565486e-02
  3.64580713e-02  8.45349714e-05 -1.53507544e-02 -4.06830236e-02
 -3.97501513e-03  1.10430224e-02  8.49409262e-05  1.93670876e-02
  7.41722528e-03  4.09970619e-03  0.00000000e+00  1.01291446e-03
 -2.12372886e-03 -3.39398067e-03  0.00000000e+00 -6.83355553e-04
 -2.83102132e-03 -1.45498884e-03  0.00000000e+00 -1.19376485e-03
 -1.87901389e-02 -4.16891016e-02  3.79104330e-03 -2.53391303e-02
 -2.58080177e-02 -1.66501068e-02 -7.56506925e-04 -3.49731483e-02
 -6.39916805e-04  8.81997403e-04  5.25582407e-04  6.35233987e-03
 -5.30523481e-04  6.93607517e-03  4.11929068e-05 -1.84521137e-03
  5.48846461e-03  6.13215147e-03  0.00000000e+00  3.60172184e-04
 -3.83727805e-04  1.00897520e-03  0.00000000e+00  9.50410671e-04
  3.01383581e-04 -6.20086154e-04  0.00000000e+00 -1.33897876e-03
  6.07571658e-03 -1.11731114e-02  1.32233748e-04  6.30096591e-04
 -3.41695617e-03 -6.23525004e-04  0.00000000e+00 -5.70546472e-05
 -2.27535367e-02 -2.30310066e-03  0.00000000e+00  2.55567278e-03
 -4.64425944e-02 -9.14704346e-04 -2.24726293e-02 -1.92503596e-03
 -7.53845274e-02 -2.68390924e-02  3.13037867e-03 -2.40372177e-02
  5.04643051e-03  9.25432332e-03  0.00000000e+00  2.67590000e-03
  6.34745229e-03 -2.15940140e-02  0.00000000e+00  2.89339619e-03
  9.10059735e-03  3.35109867e-02  0.00000000e+00  1.62944291e-02
  7.11979484e-03  5.30944718e-03  0.00000000e+00  3.74811236e-03
  1.09213800e-03  6.91566907e-04  0.00000000e+00  5.56849584e-04
  1.41258985e-02  2.32785344e-02  0.00000000e+00 -5.32989739e-04
 -1.46254385e-02 -1.16156843e-02  9.32302864e-05 -2.47998792e-03
 -1.14182094e-02  3.30389268e-03  0.00000000e+00 -5.21279546e-03
  3.54469717e-02  5.05418796e-03  0.00000000e+00 -5.92782861e-04
 -1.34996446e-02 -1.98913272e-03  0.00000000e+00 -1.89678196e-03
 -5.84145309e-03 -1.13850338e-02  0.00000000e+00  7.15226680e-03
  2.60391878e-03 -6.72644179e-04  0.00000000e+00  2.36441568e-03
  4.60838695e-04  1.15722441e-03  1.38427829e-04  8.18575267e-04
  3.20621766e-02  9.52016283e-03  0.00000000e+00  1.31776521e-03
  2.70349486e-03 -6.58770138e-03 -1.68347079e-02 -1.26810176e-02
 -5.66627132e-03  2.08742581e-02  0.00000000e+00 -1.08320815e-02
  2.15145061e-03 -4.30079438e-02  0.00000000e+00  1.14349769e-02
  2.28749234e-02 -1.63659379e-02  0.00000000e+00  2.64019519e-02
 -7.46474368e-04 -2.24536099e-03  0.00000000e+00 -1.77316600e-03
  3.49035487e-03  1.87115069e-03  0.00000000e+00  3.95439674e-05
 -2.47399113e-03 -6.26717182e-03  1.10125076e-03 -1.20343920e-03
 -2.72040314e-04  1.16134780e-02  0.00000000e+00  0.00000000e+00
 -2.71297581e-02  2.22313050e-02  0.00000000e+00  2.15162262e-02
 -1.43830164e-03  2.35365331e-02  0.00000000e+00 -6.08464191e-03
  1.30023416e-02  3.30596813e-03  0.00000000e+00  4.98159463e-03
  4.55950107e-03  2.55114282e-04  0.00000000e+00  1.97203015e-03]"
8,Cedars-Sinai,cedars-sinai/,CA,Private,3,financial-assistance-policy-list-cedars-sinai,https://www.cedars-sinai.org/content/dam/cedars-sinai/billing-insurance/financial-assistance/documents/faps/fap-user-report.pdf,-2.204925537109375,-41.65292718349269,37.93781884650713,29.90404438243457,22.82836640459254,15.351936654476757,15.6,40.522063495161596,18.00431150050599,"{'nouns': {'avg': 6.729824542999268, 'sd': 5.839789867401123, 'min': 0.0, 'max': 44.0}, 'verbs': {'avg': 0.6610526442527771, 'sd': 0.9979938864707947, 'min': 0.0, 'max': 5.0}, 'adjectives': {'avg': 0.1122807040810585, 'sd': 0.4205552339553833, 'min': 0.0, 'max': 2.0}, 'adverbs': {'avg': 0.15719297528266907, 'sd': 0.5276820063591003, 'min': 0.0, 'max': 2.0}, 'pronouns': {'avg': 0.1894736886024475, 'sd': 0.5473009943962097, 'min': 0.0, 'max': 2.0}, 'first_person_pronouns': {'avg': 0.03649122640490532, 'sd': 0.1875089854001999, 'min': 0.0, 'max': 1.0}, 'third_person_pronouns': {'avg': 0.1529824584722519, 'sd': 0.45006808638572693, 'min': 0.0, 'max': 2.0}, 'avg_syllables_per_word': {'avg': 1.5379801988601685, 'sd': 0.4593058228492737, 'min': 0.5, 'max': 5.0}, 'avg_word_frequency_log': {'avg': 3.4132308959960938, 'sd': 1.0024526119232178, 'min': 1.6483333110809326, 'max': 5.963158130645752}, 'avg_content_word_frequency_log': {'avg': 3.4346017837524414, 'sd': 0.9412968754768372, 'min': 0.0, 'max': 5.132999897003174}, 'avg_age_of_acquisition': {'avg': 157.46292114257812, 'sd': 177.86337280273438, 'min': 0.0, 'max': 561.0}, 'avg_concreteness': {'avg': 308.3056945800781, 'sd': 159.1349639892578, 'min': 0.0, 'max': 618.0}, 'avg_imagery': {'avg': 339.1902770996094, 'sd': 172.5672149658203, 'min': 0.0, 'max': 639.0}, 'avg_familiarity': {'avg': 475.853515625, 'sd': 224.34201049804688, 'min': 0.0, 'max': 635.0}, 'avg_polysemy': {'avg': 3.674656629562378, 'sd': 1.849973201751709, 'min': 1.0, 'max': 12.333333015441895}, 'negations': {'avg': 0.11157894879579544, 'sd': 0.3148477375507355, 'min': 0.0, 'max': 1.0}, 'causal_verbs': {'avg': 0.0, 'sd': 0.0, 'min': 0.0, 'max': 0.0}, 'intentional_actions': {'avg': 0.0, 'sd': 0.0, 'min': 0.0, 'max': 0.0}, 'word_count': {'avg': 11.910175323486328, 'sd': 9.07352066040039, 'min': 1.0, 'max': 68.0}, 'sentence_length': {'avg': 11.910175323486328, 'sd': 9.07352066040039, 'min': 1.0, 'max': 68.0}, 'function_to_content_ratio': {'avg': 0.6003140211105347, 'sd': 0.3055189549922943, 'min': 0.0, 'max': 2.0}, 'connectives_total': {'avg': 0.10947368294000626, 'sd': 0.41288211941719055, 'min': 0.0, 'max': 2.0}, 'causal_connectives': {'avg': 0.0, 'sd': 0.0, 'min': 0.0, 'max': 0.0}, 'temporal_connectives': {'avg': 0.0, 'sd': 0.0, 'min': 0.0, 'max': 0.0}, 'logical_connectives': {'avg': 0.0, 'sd': 0.0, 'min': 0.0, 'max': 0.0}, 'additive_connectives': {'avg': 0.10947368294000626, 'sd': 0.41288211941719055, 'min': 0.0, 'max': 2.0}, 'adversative_connectives': {'avg': 0.0, 'sd': 0.0, 'min': 0.0, 'max': 0.0}, 'dependency_depth': {'avg': 2.966315746307373, 'sd': 1.366871953010559, 'min': 0.0, 'max': 9.0}, 'modifiers_per_np': {'avg': 1.4991542100906372, 'sd': 0.801895022392273, 'min': 0.0, 'max': 5.0}, 'words_before_main_verb': {'avg': 4.562807083129883, 'sd': 6.491270065307617, 'min': 0.0, 'max': 61.0}, 'passive_constructions': {'avg': 0.03649122640490532, 'sd': 0.1875089854001999, 'min': 0.0, 'max': 1.0}, 'content_overlap_adjacent': {'avg': 0.10087055712938309, 'sd': 0.094244085252285, 'min': 0.0, 'max': 0.6666666865348816}, 'content_overlap_all': {'avg': 0.008649775758385658, 'sd': 0.005654528737068176, 'min': 0.0, 'max': 0.02916666679084301}, 'noun_overlap_adjacent': {'avg': 0.03569590672850609, 'sd': 0.13370369374752045, 'min': 0.0, 'max': 1.0}, 'argument_overlap_adjacent': {'avg': 0.009207184426486492, 'sd': 0.059192195534706116, 'min': 0.0, 'max': 1.0}, 'stem_overlap_all': {'avg': 0.0031296443194150925, 'sd': 0.0021757828071713448, 'min': 0.0, 'max': 0.015899864956736565}, 'lsa_overlap_adjacent': {'avg': 0.48467007279396057, 'sd': 0.1430160105228424, 'min': 0.0, 'max': 0.9287400841712952}, 'lsa_overlap_all': {'avg': 0.4122156798839569, 'sd': 0.061955202370882034, 'min': 0.0, 'max': 0.5302504301071167}, 'lsa_given_new': {'avg': 0.58708256483078, 'sd': 0.06293775141239166, 'min': 0.0, 'max': 0.8309888243675232}, 'lsa_overlap_mean': {'avg': 0.4122156798839569, 'sd': 0.061955202370882034, 'min': 0.0, 'max': 0.5302504301071167}, 'lsa_overlap_std': {'avg': 0.1152036041021347, 'sd': 0.022920096293091774, 'min': 0.0, 'max': 0.1747933328151703}, 'lsa_overlap_max': {'avg': 0.7793666124343872, 'sd': 0.11033827811479568, 'min': 0.0, 'max': 1.000000238418579}, 'lsa_overlap_min': {'avg': 0.1298641860485077, 'sd': 0.06249484419822693, 'min': -0.05892285332083702, 'max': 0.39380183815956116}, 'lsa_novelty': {'avg': 0.21993164718151093, 'sd': 0.10854468494653702, 'min': -2.384185791015625e-07, 'max': 0.6687377691268921}, 'lsa_shift': {'avg': 0.07245438545942307, 'sd': 0.1295527070760727, 'min': -0.29253289103507996, 'max': 0.4538678228855133}, 'pos_dissimilarity_prev': {'avg': 0.683279812335968, 'sd': 0.24984653294086456, 'min': 0.0, 'max': 1.0}, 'word_dissimilarity_prev': {'avg': 1.2527732849121094, 'sd': 1.9421910047531128, 'min': 0.0, 'max': 34.0}, 'new_word_ratio': {'avg': 0.8078356385231018, 'sd': 0.1722758710384369, 'min': 0.0, 'max': 1.0}, 'verb_overlap_adjacent': {'avg': 0.012713450007140636, 'sd': 0.10627471655607224, 'min': 0.0, 'max': 1.0}, 'embedding_norm': {'avg': 0.9992982745170593, 'sd': 0.026481349021196365, 'min': 0.0, 'max': 1.0000001192092896}, 'embedding_norm_diff': {'avg': -4.182782245565342e-11, 'sd': 5.074843656416306e-08, 'min': -2.384185791015625e-07, 'max': 2.384185791015625e-07}, 'type_token_ratio': {'avg': 0.9992982745170593, 'sd': 0.026481349021196365, 'min': 0.0, 'max': 1.0}, 'lexical_diversity_all': {'avg': 0.2022128850221634, 'sd': 0.005358629394322634, 'min': 0.0, 'max': 0.20235487818717957}, 'lexical_diversity_verbs': {'avg': 0.053041305392980576, 'sd': 0.001405591843649745, 'min': 0.0, 'max': 0.053078554570674896}, 'sentence_length_cohesion': {'avg': 9.251228332519531, 'sd': 6.431613922119141, 'min': 0.0, 'max': 47.0}, 'sentence_length_log': {'avg': 2.167905330657959, 'sd': 0.5563571453094482, 'min': 0.0, 'max': 3.8712010383605957}}","[-9.38299596e-02 -2.64416412e-02  5.94532629e-03 -6.74586669e-02
 -2.18194984e-02 -2.76710130e-02  1.96985365e-03 -1.06432766e-04
  3.50206308e-02  3.81578645e-03 -9.29112139e-05  6.91774162e-03
  7.11622741e-03  9.59972665e-03  0.00000000e+00  3.62032530e-04
 -1.54342307e-02  2.11730949e-03 -2.60735833e-04  3.71811475e-04
  1.74936019e-02  9.05934442e-03  0.00000000e+00  1.07042404e-04
 -2.42719911e-02  4.96331928e-03 -1.80322357e-04  7.42958277e-04
 -5.61256036e-02 -4.74850014e-02 -6.28551282e-03 -5.77121861e-02
 -2.88822740e-01 -1.51642822e-02 -2.05430724e-02 -1.60258599e-02
 -3.06653976e-01  5.65407705e-03 -1.62046310e-02  3.59296263e-03
  6.27099350e-02 -7.76420310e-02  4.82760044e-03 -6.46438450e-02
 -2.96598170e-02  3.78652639e-03 -8.15342739e-03 -2.11744215e-02
  4.43693735e-02 -7.32751912e-04 -4.94001573e-03  3.28934826e-02
  4.41830046e-02  2.82528270e-02  3.36922631e-02  1.67076439e-02
 -6.23393431e-03 -2.66666780e-03  2.19925884e-02 -3.39028938e-03
  2.43778457e-03  1.27792277e-03  0.00000000e+00 -6.27856469e-04
 -2.80237268e-03 -3.38297803e-03  0.00000000e+00 -2.18305999e-04
 -2.48746504e-03 -9.18286678e-04  0.00000000e+00 -2.73571932e-04
  2.40318216e-02  1.09874019e-02  6.40863879e-03 -4.67163622e-02
  3.48529033e-02  4.17981576e-03  5.65763796e-04 -4.58561108e-02
 -5.58460178e-03 -4.74890601e-03 -9.20947990e-04 -3.84587143e-03
 -4.55099009e-02  1.62810483e-03 -2.32883958e-05  4.53362009e-04
  2.84373062e-03  1.80686743e-03  0.00000000e+00  1.17446405e-04
  5.63821406e-04 -3.05858091e-04  0.00000000e+00  5.47772273e-04
 -1.62627024e-03 -2.20316346e-03  0.00000000e+00 -1.42005587e-03
 -6.36949064e-03 -2.01306376e-03 -2.82440997e-05 -4.05208033e-04
 -6.61544269e-03 -3.11443931e-03  0.00000000e+00 -1.32119306e-03
  4.36333790e-02  8.29484430e-04  0.00000000e+00 -3.40064144e-04
 -6.18563369e-02 -1.99233601e-03  9.60935466e-03 -1.56452134e-03
  4.88194497e-03 -8.81301356e-04 -1.13559328e-02 -1.25320349e-02
  5.81452204e-03  1.50823146e-02  0.00000000e+00  1.50484301e-03
  2.05274438e-03  4.09419695e-03  0.00000000e+00 -4.88952501e-03
 -1.69533789e-02 -1.65745895e-02  0.00000000e+00 -3.07221040e-02
  9.27654188e-03 -4.07792581e-03  0.00000000e+00 -3.08520868e-02
 -1.04360667e-03 -6.95611176e-04  0.00000000e+00 -2.34868098e-03
 -9.91053041e-03 -1.03096394e-02  0.00000000e+00 -4.97613149e-03
  1.83177870e-02  4.65382496e-03  2.65948445e-04 -1.53175148e-03
  2.26053558e-02 -4.36950754e-03  0.00000000e+00 -4.56872024e-03
  9.37231467e-04  1.60401072e-02  0.00000000e+00  2.76134699e-03
  1.52318617e-02  8.38473998e-03  0.00000000e+00  1.39279407e-03
  1.76335871e-02 -2.59543546e-02  0.00000000e+00  5.78533672e-03
  6.58488274e-02 -1.63630471e-02  0.00000000e+00 -9.58114490e-02
  4.24719136e-03 -7.95328896e-03  3.68889188e-03  5.99103514e-03
  3.12764831e-02  1.70623965e-03  0.00000000e+00 -1.49806601e-03
  5.60781220e-03  6.94252504e-03  7.62487017e-03 -1.32309329e-02
 -1.72148775e-02 -3.33704539e-02  0.00000000e+00  1.44109107e-03
 -4.15446563e-03 -2.28623897e-02  0.00000000e+00 -2.87221977e-03
 -8.89259856e-03 -1.57136060e-02  0.00000000e+00 -7.90739339e-03
 -1.62813859e-03  1.43033138e-03  0.00000000e+00 -3.23844724e-04
 -3.92012671e-03 -2.85973167e-03  0.00000000e+00 -1.93033786e-03
 -3.93878808e-03  7.63000338e-04 -9.80328303e-03  3.32658994e-04
  1.73654233e-04 -1.49787369e-03  0.00000000e+00  0.00000000e+00
 -2.40354333e-02  2.11847504e-03  0.00000000e+00 -3.12702209e-02
 -3.70274205e-03  8.63037072e-03  0.00000000e+00  6.91596046e-03
  7.29226787e-03  3.78345419e-03  0.00000000e+00 -4.53954516e-03
  8.08782410e-03  3.37238889e-03  0.00000000e+00 -7.46502262e-03]"
9,Cleveland Clinic,cleveland-clinic/,OH,Academic,5,privacy-cleveland-clinic,https://my.clevelandclinic.org/-/scassets/files/org/about/privacy-practices/cleveland-clinic-notice-of-privacy-practices-english.pdf?la=en,-2.695906162261963,38.45289666634079,13.32383501156842,14.681881354647974,13.242659758203803,6.90706585850686,8.857142857142858,15.863974973115653,11.445962343989311,"{'nouns': {'avg': 8.083333015441895, 'sd': 6.583277702331543, 'min': 0.0, 'max': 66.0}, 'verbs': {'avg': 2.438596487045288, 'sd': 2.502753496170044, 'min': 0.0, 'max': 27.0}, 'adjectives': {'avg': 0.9956140518188477, 'sd': 1.6530084609985352, 'min': 0.0, 'max': 15.0}, 'adverbs': {'avg': 0.3070175349712372, 'sd': 0.6230540871620178, 'min': 0.0, 'max': 3.0}, 'pronouns': {'avg': 1.8421052694320679, 'sd': 1.8665050268173218, 'min': 0.0, 'max': 9.0}, 'first_person_pronouns': {'avg': 0.5394737124443054, 'sd': 0.7569697499275208, 'min': 0.0, 'max': 3.0}, 'third_person_pronouns': {'avg': 1.3026316165924072, 'sd': 1.4957813024520874, 'min': 0.0, 'max': 8.0}, 'avg_syllables_per_word': {'avg': 1.6290459632873535, 'sd': 0.36904674768447876, 'min': 0.875, 'max': 3.5}, 'avg_word_frequency_log': {'avg': 5.156261920928955, 'sd': 1.2642645835876465, 'min': 1.1553332805633545, 'max': 6.466363430023193}, 'avg_content_word_frequency_log': {'avg': 4.430749416351318, 'sd': 1.1309834718704224, 'min': 0.0, 'max': 5.793333530426025}, 'avg_age_of_acquisition': {'avg': 292.51043701171875, 'sd': 173.52793884277344, 'min': 0.0, 'max': 547.0}, 'avg_concreteness': {'avg': 280.1080017089844, 'sd': 109.1494140625, 'min': 0.0, 'max': 593.0}, 'avg_imagery': {'avg': 304.26385498046875, 'sd': 109.41838073730469, 'min': 0.0, 'max': 570.0}, 'avg_familiarity': {'avg': 532.5390625, 'sd': 171.0509796142578, 'min': 0.0, 'max': 632.0}, 'avg_polysemy': {'avg': 6.940081596374512, 'sd': 3.2041492462158203, 'min': 0.0, 'max': 22.5}, 'negations': {'avg': 0.10964912176132202, 'sd': 0.339367151260376, 'min': 0.0, 'max': 2.0}, 'causal_verbs': {'avg': 0.04385964944958687, 'sd': 0.20478276908397675, 'min': 0.0, 'max': 1.0}, 'intentional_actions': {'avg': 0.004385964944958687, 'sd': 0.06608123332262039, 'min': 0.0, 'max': 1.0}, 'word_count': {'avg': 20.4342098236084, 'sd': 17.006450653076172, 'min': 1.0, 'max': 196.0}, 'sentence_length': {'avg': 20.4342098236084, 'sd': 17.006450653076172, 'min': 1.0, 'max': 196.0}, 'function_to_content_ratio': {'avg': 0.7333893179893494, 'sd': 0.47719621658325195, 'min': 0.0, 'max': 3.0}, 'connectives_total': {'avg': 0.8771929740905762, 'sd': 1.2293226718902588, 'min': 0.0, 'max': 8.0}, 'causal_connectives': {'avg': 0.06578947603702545, 'sd': 0.2650153636932373, 'min': 0.0, 'max': 2.0}, 'temporal_connectives': {'avg': 0.07456140220165253, 'sd': 0.30873578786849976, 'min': 0.0, 'max': 2.0}, 'logical_connectives': {'avg': 0.1184210553765297, 'sd': 0.39626893401145935, 'min': 0.0, 'max': 3.0}, 'additive_connectives': {'avg': 0.5921052694320679, 'sd': 0.8404932618141174, 'min': 0.0, 'max': 4.0}, 'adversative_connectives': {'avg': 0.02631578966975212, 'sd': 0.1600726991891861, 'min': 0.0, 'max': 1.0}, 'dependency_depth': {'avg': 5.649122714996338, 'sd': 3.120342254638672, 'min': 1.0, 'max': 22.0}, 'modifiers_per_np': {'avg': 1.0611779689788818, 'sd': 1.0573139190673828, 'min': 0.0, 'max': 13.0}, 'words_before_main_verb': {'avg': 5.885964870452881, 'sd': 12.394295692443848, 'min': 0.0, 'max': 167.0}, 'passive_constructions': {'avg': 0.390350878238678, 'sd': 0.8590560555458069, 'min': 0.0, 'max': 5.0}, 'content_overlap_adjacent': {'avg': 0.12212405353784561, 'sd': 0.10546283423900604, 'min': 0.0, 'max': 0.7272727489471436}, 'content_overlap_all': {'avg': 0.015292726457118988, 'sd': 0.012469355948269367, 'min': 0.0, 'max': 0.1317957192659378}, 'noun_overlap_adjacent': {'avg': 0.09967891126871109, 'sd': 0.15473240613937378, 'min': 0.0, 'max': 1.0}, 'argument_overlap_adjacent': {'avg': 0.11670147627592087, 'sd': 0.20206302404403687, 'min': 0.0, 'max': 1.0}, 'stem_overlap_all': {'avg': 0.018792210146784782, 'sd': 0.01226878259330988, 'min': 0.0, 'max': 0.11886586993932724}, 'lsa_overlap_adjacent': {'avg': 0.4246197044849396, 'sd': 0.20052586495876312, 'min': 0.0, 'max': 0.9572913646697998}, 'lsa_overlap_all': {'avg': 0.29518750309944153, 'sd': 0.14607569575309753, 'min': 0.0, 'max': 0.5693312883377075}, 'lsa_given_new': {'avg': 0.700426459312439, 'sd': 0.15203775465488434, 'min': 0.0, 'max': 0.9988009929656982}, 'lsa_overlap_mean': {'avg': 0.29518750309944153, 'sd': 0.14607569575309753, 'min': 0.0, 'max': 0.5693312883377075}, 'lsa_overlap_std': {'avg': 0.13242888450622559, 'sd': 0.04276002198457718, 'min': 0.0, 'max': 0.23820948600769043}, 'lsa_overlap_max': {'avg': 0.6430768966674805, 'sd': 0.16347861289978027, 'min': 0.0, 'max': 1.0}, 'lsa_overlap_min': {'avg': -0.00040201449883170426, 'sd': 0.07078983634710312, 'min': -0.15770341455936432, 'max': 0.5440653562545776}, 'lsa_novelty': {'avg': 0.3525371253490448, 'sd': 0.1595335602760315, 'min': 0.0, 'max': 0.7774372696876526}, 'lsa_shift': {'avg': 0.12943218648433685, 'sd': 0.17662160098552704, 'min': -0.3236934542655945, 'max': 0.7064495086669922}, 'pos_dissimilarity_prev': {'avg': 0.8892322778701782, 'sd': 0.13854582607746124, 'min': 0.0, 'max': 1.0}, 'word_dissimilarity_prev': {'avg': 1.643945574760437, 'sd': 2.851821184158325, 'min': 0.0, 'max': 26.0}, 'new_word_ratio': {'avg': 0.7838855981826782, 'sd': 0.17356786131858826, 'min': 0.0, 'max': 1.0}, 'verb_overlap_adjacent': {'avg': 0.04641813039779663, 'sd': 0.10314282029867172, 'min': 0.0, 'max': 0.5}, 'embedding_norm': {'avg': 0.9956140518188477, 'sd': 0.06608123332262039, 'min': 0.0, 'max': 1.0000001192092896}, 'embedding_norm_diff': {'avg': 0.0, 'sd': 5.441134831585259e-08, 'min': -1.7881393432617188e-07, 'max': 1.7881393432617188e-07}, 'type_token_ratio': {'avg': 0.9956140518188477, 'sd': 0.06608123332262039, 'min': 0.0, 'max': 1.0}, 'lexical_diversity_all': {'avg': 0.19947084784507751, 'sd': 0.013239342719316483, 'min': 0.0, 'max': 0.2003495693206787}, 'lexical_diversity_verbs': {'avg': 0.32469576597213745, 'sd': 0.021550817415118217, 'min': 0.0, 'max': 0.3261261284351349}, 'sentence_length_cohesion': {'avg': 17.23245620727539, 'sd': 11.250473022460938, 'min': 0.0, 'max': 109.0}, 'sentence_length_log': {'avg': 2.6924052238464355, 'sd': 0.7225127816200256, 'min': 0.0, 'max': 4.7004804611206055}}","[-1.16426654e-01 -5.76613545e-02  1.98455481e-03 -7.41869211e-02
  1.56081747e-04  2.47544926e-02  2.80256476e-03  3.41219758e-03
  2.91566029e-02 -1.53452205e-02 -6.02132932e-04 -1.66618675e-02
  1.50639126e-02  1.39409052e-02  0.00000000e+00  1.51985895e-03
  1.21561540e-02  9.43740713e-04 -3.48468020e-04 -2.16925517e-03
 -2.17514019e-02 -1.44676520e-02  0.00000000e+00  9.69388057e-05
  7.34420167e-03 -3.46986786e-03 -1.80322357e-04 -1.64125720e-03
 -8.11013132e-02 -6.45807758e-02 -7.02345418e-03 -4.61098701e-02
 -2.63701409e-01 -1.11035770e-02 -1.84803046e-02  1.23862047e-02
 -2.42089108e-01  2.38111671e-02 -2.07971269e-03  5.58405705e-02
 -3.92213985e-02 -7.98625425e-02  5.34806168e-03 -7.02280030e-02
 -6.94879442e-02  6.39947783e-03  4.88310773e-03 -1.39418058e-02
 -1.88981920e-01 -6.32236945e-04  3.75428586e-03  3.61090489e-02
  5.91398142e-02  3.63874286e-02  2.96831951e-02  1.78491808e-02
 -1.42620672e-02 -9.91886854e-03  2.09075138e-02 -1.93120446e-02
  3.11086746e-03  2.36291904e-03  0.00000000e+00 -7.76358531e-04
 -3.07862507e-03 -2.65636994e-03  0.00000000e+00  3.92521237e-04
 -1.39451365e-03 -8.16592539e-04  0.00000000e+00  2.82045221e-03
  2.85163149e-03 -5.35516255e-02  5.43290656e-03 -5.25351353e-02
 -3.41319316e-03 -3.11990846e-02 -9.25659901e-04 -5.47189228e-02
 -1.46290055e-03 -5.40591776e-03  1.81319390e-03  6.17663097e-03
 -3.41041829e-04 -1.78120215e-03 -2.32883958e-05  5.42209600e-04
  2.18923297e-03  1.43939932e-03  0.00000000e+00 -3.19674076e-03
  1.28082978e-03  2.12603249e-03  0.00000000e+00 -1.86586019e-03
  8.64116848e-03  7.98297580e-03  0.00000000e+00  3.51843028e-03
 -8.07894021e-03  1.48429681e-04 -2.82440997e-05  1.69690640e-04
 -5.84741076e-03 -7.44960457e-03  0.00000000e+00  5.77570987e-04
 -3.15010361e-02  2.40642298e-03  0.00000000e+00 -1.16388528e-02
 -5.19092232e-02 -5.11066522e-03  6.58792816e-03 -2.90048751e-03
  4.93795658e-03 -1.01917684e-02 -8.49129539e-03 -5.61190629e-03
  5.51495701e-03  2.53415504e-03  0.00000000e+00 -1.04925465e-02
  3.00778821e-03 -1.40322335e-02  0.00000000e+00 -4.34272597e-03
 -1.79616194e-02 -1.95630807e-02  0.00000000e+00 -3.50287743e-02
 -6.48559362e-04 -8.76438105e-04  0.00000000e+00 -3.11626717e-02
  1.94923254e-03  1.95997447e-04  0.00000000e+00 -2.42972421e-03
 -1.50702959e-02 -9.75914020e-03  0.00000000e+00 -6.78093126e-03
  7.71109108e-03  1.03365048e-04  2.65948445e-04  6.85099140e-03
  8.10200348e-03 -2.89225543e-04  0.00000000e+00 -1.27034821e-03
 -9.58690420e-03  2.01154035e-02  0.00000000e+00 -1.37964413e-02
  5.33725787e-03 -1.10406941e-03  0.00000000e+00  2.70580384e-03
  2.64961794e-02 -3.07796393e-02  0.00000000e+00 -2.67462991e-03
  6.72211424e-02 -1.73251587e-03  0.00000000e+00 -7.35624731e-02
 -1.53284641e-02 -6.24432275e-03  1.42146610e-02  3.94660421e-03
  2.65291706e-02  4.87226946e-03  0.00000000e+00  5.42723574e-04
 -2.00616438e-02  1.27216056e-02  3.69102159e-03  3.17733176e-03
  9.44655016e-03 -3.51441018e-02  0.00000000e+00  1.12041680e-03
 -5.05445711e-03 -2.18404606e-02  0.00000000e+00 -1.17185060e-04
 -1.34676090e-02 -1.89477149e-02  0.00000000e+00 -7.84389954e-03
  1.40971842e-03  7.44178798e-03  0.00000000e+00  4.46921960e-03
 -3.47272563e-03 -4.01963247e-03  0.00000000e+00 -1.93033786e-03
 -3.77583271e-03  5.46163879e-04 -8.98964982e-03 -1.62216462e-03
  6.05837326e-04 -2.35939166e-03  0.00000000e+00  0.00000000e+00
 -2.39553880e-02  1.94225606e-04  0.00000000e+00 -3.28019522e-02
  4.04745806e-03  1.27127701e-02  0.00000000e+00  9.16655827e-03
 -5.45399589e-03 -3.87591729e-03  0.00000000e+00 -9.67014115e-03
 -4.92629502e-03  1.10922987e-03  0.00000000e+00 -8.80993344e-03]"
10,Cleveland Clinic,cleveland-clinic/,OH,Academic,5,patient-rights-cleveland-clinic,https://my.clevelandclinic.org/-/scassets/files/org/about/patient-rights-responsibilities/patient-rights-and-responsibilities-english.pdf?la=en,-1.978736162185669,32.9463688939872,13.436796673358188,15.549919911452193,14.225394321766558,6.688129911098365,14.4,16.17065290125227,10.965194082783672,"{'nouns': {'avg': 7.730158805847168, 'sd': 11.991010665893555, 'min': 0.0, 'max': 82.0}, 'verbs': {'avg': 2.7142856121063232, 'sd': 1.829464077949524, 'min': 0.0, 'max': 7.0}, 'adjectives': {'avg': 1.317460298538208, 'sd': 1.4122525453567505, 'min': 0.0, 'max': 6.0}, 'adverbs': {'avg': 0.2380952388048172, 'sd': 0.5832118988037109, 'min': 0.0, 'max': 3.0}, 'pronouns': {'avg': 1.634920597076416, 'sd': 1.38359534740448, 'min': 0.0, 'max': 5.0}, 'first_person_pronouns': {'avg': 0.190476194024086, 'sd': 0.4665695130825043, 'min': 0.0, 'max': 2.0}, 'third_person_pronouns': {'avg': 1.4444444179534912, 'sd': 1.2315659523010254, 'min': 0.0, 'max': 4.0}, 'avg_syllables_per_word': {'avg': 1.666300892829895, 'sd': 0.3046265244483948, 'min': 1.0, 'max': 2.5}, 'avg_word_frequency_log': {'avg': 5.7071309089660645, 'sd': 0.4605165123939514, 'min': 3.9574999809265137, 'max': 6.340000152587891}, 'avg_content_word_frequency_log': {'avg': 4.841585636138916, 'sd': 0.3812964856624603, 'min': 3.0433332920074463, 'max': 5.330999851226807}, 'avg_age_of_acquisition': {'avg': 336.6225891113281, 'sd': 160.24923706054688, 'min': 0.0, 'max': 476.5}, 'avg_concreteness': {'avg': 289.7375793457031, 'sd': 38.00370788574219, 'min': 194.0, 'max': 445.5909118652344}, 'avg_imagery': {'avg': 311.708251953125, 'sd': 36.86997604370117, 'min': 225.0, 'max': 471.1590881347656}, 'avg_familiarity': {'avg': 585.10595703125, 'sd': 12.755965232849121, 'min': 555.8571166992188, 'max': 615.0}, 'avg_polysemy': {'avg': 8.485199928283691, 'sd': 2.7570431232452393, 'min': 2.5, 'max': 19.714284896850586}, 'negations': {'avg': 0.01587301678955555, 'sd': 0.1249842494726181, 'min': 0.0, 'max': 1.0}, 'causal_verbs': {'avg': 0.095238097012043, 'sd': 0.2935435473918915, 'min': 0.0, 'max': 1.0}, 'intentional_actions': {'avg': 0.01587301678955555, 'sd': 0.1249842494726181, 'min': 0.0, 'max': 1.0}, 'word_count': {'avg': 20.30158805847168, 'sd': 16.586124420166016, 'min': 3.0, 'max': 99.0}, 'sentence_length': {'avg': 20.30158805847168, 'sd': 16.586124420166016, 'min': 3.0, 'max': 99.0}, 'function_to_content_ratio': {'avg': 0.8913887739181519, 'sd': 0.47292205691337585, 'min': 0.1785714328289032, 'max': 2.25}, 'connectives_total': {'avg': 1.0, 'sd': 1.1268723011016846, 'min': 0.0, 'max': 4.0}, 'causal_connectives': {'avg': 0.0317460335791111, 'sd': 0.17532318830490112, 'min': 0.0, 'max': 1.0}, 'temporal_connectives': {'avg': 0.0793650820851326, 'sd': 0.2703077495098114, 'min': 0.0, 'max': 1.0}, 'logical_connectives': {'avg': 0.1428571492433548, 'sd': 0.3499270975589752, 'min': 0.0, 'max': 1.0}, 'additive_connectives': {'avg': 0.7301587462425232, 'sd': 0.8945398330688477, 'min': 0.0, 'max': 3.0}, 'adversative_connectives': {'avg': 0.01587301678955555, 'sd': 0.1249842494726181, 'min': 0.0, 'max': 1.0}, 'dependency_depth': {'avg': 6.031745910644531, 'sd': 2.9329452514648438, 'min': 1.0, 'max': 20.0}, 'modifiers_per_np': {'avg': 0.9055480360984802, 'sd': 0.7483713030815125, 'min': 0.0, 'max': 3.944444417953491}, 'words_before_main_verb': {'avg': 2.2539682388305664, 'sd': 3.304486036300659, 'min': 0.0, 'max': 16.0}, 'passive_constructions': {'avg': 0.30158731341362, 'sd': 0.7691454291343689, 'min': 0.0, 'max': 4.0}, 'content_overlap_adjacent': {'avg': 0.11663630604743958, 'sd': 0.07362151145935059, 'min': 0.0, 'max': 0.31578946113586426}, 'content_overlap_all': {'avg': 0.029394200071692467, 'sd': 0.019194554537534714, 'min': 0.0, 'max': 0.0982142835855484}, 'noun_overlap_adjacent': {'avg': 0.06221126392483711, 'sd': 0.12867669761180878, 'min': 0.0, 'max': 0.6666666865348816}, 'argument_overlap_adjacent': {'avg': 0.049735452979803085, 'sd': 0.16012264788150787, 'min': 0.0, 'max': 1.0}, 'stem_overlap_all': {'avg': 0.03855910524725914, 'sd': 0.025524627417325974, 'min': 0.0, 'max': 0.14840182662010193}, 'lsa_overlap_adjacent': {'avg': 0.3997385501861572, 'sd': 0.16170646250247955, 'min': 0.0, 'max': 0.7730251550674438}, 'lsa_overlap_all': {'avg': 0.32735154032707214, 'sd': 0.09957004338502884, 'min': 0.0, 'max': 0.5627618432044983}, 'lsa_given_new': {'avg': 0.6567754149436951, 'sd': 0.12305747717618942, 'min': 0.0, 'max': 0.8902419805526733}, 'lsa_overlap_mean': {'avg': 0.32735154032707214, 'sd': 0.09957004338502884, 'min': 0.0, 'max': 0.5627618432044983}, 'lsa_overlap_std': {'avg': 0.11312416940927505, 'sd': 0.031651921570301056, 'min': 0.0, 'max': 0.16307608783245087}, 'lsa_overlap_max': {'avg': 0.5480815172195435, 'sd': 0.11669261008501053, 'min': 0.0, 'max': 0.7730250358581543}, 'lsa_overlap_min': {'avg': 0.09990327060222626, 'sd': 0.1059870645403862, 'min': -0.04369128867983818, 'max': 0.5627618432044983}, 'lsa_novelty': {'avg': 0.43604540824890137, 'sd': 0.108806312084198, 'min': 0.0, 'max': 0.6594371795654297}, 'lsa_shift': {'avg': 0.07238699495792389, 'sd': 0.13802827894687653, 'min': -0.24770182371139526, 'max': 0.45802634954452515}, 'pos_dissimilarity_prev': {'avg': 0.8790008425712585, 'sd': 0.15344040095806122, 'min': 0.0, 'max': 1.0}, 'word_dissimilarity_prev': {'avg': 1.1852095127105713, 'sd': 1.3794883489608765, 'min': 0.0, 'max': 7.75}, 'new_word_ratio': {'avg': 0.752302348613739, 'sd': 0.1755998134613037, 'min': 0.0, 'max': 1.0}, 'verb_overlap_adjacent': {'avg': 0.04754975810647011, 'sd': 0.11194870620965958, 'min': 0.0, 'max': 0.5}, 'embedding_norm': {'avg': 0.9841269850730896, 'sd': 0.1249842420220375, 'min': 0.0, 'max': 1.0}, 'embedding_norm_diff': {'avg': 0.0, 'sd': 4.6291539490539435e-08, 'min': -1.1920928955078125e-07, 'max': 1.1920928955078125e-07}, 'type_token_ratio': {'avg': 0.9841269850730896, 'sd': 0.1249842494726181, 'min': 0.0, 'max': 1.0}, 'lexical_diversity_all': {'avg': 0.34210121631622314, 'sd': 0.043446898460388184, 'min': 0.0, 'max': 0.34761905670166016}, 'lexical_diversity_verbs': {'avg': 0.43163466453552246, 'sd': 0.054817669093608856, 'min': 0.0, 'max': 0.4385964870452881}, 'sentence_length_cohesion': {'avg': 16.88888931274414, 'sd': 11.179787635803223, 'min': 0.0, 'max': 65.0}, 'sentence_length_log': {'avg': 2.706882953643799, 'sd': 0.635610818862915, 'min': 0.0, 'max': 4.18965482711792}}","[-1.18428133e-01 -5.29648773e-02  2.09991750e-03 -7.19062015e-02
 -7.30907824e-03  2.17012260e-02  2.93068006e-03  4.64983095e-05
  1.22120157e-02  7.55067961e-03 -4.92023828e-04 -1.67359672e-02
  1.20387776e-02  1.48419272e-02  0.00000000e+00  1.51150825e-03
  1.34957433e-02 -2.15882878e-03  2.00467664e-04  3.13254568e-04
 -1.04804644e-02 -1.55550111e-02  0.00000000e+00 -3.09621403e-03
  5.23492740e-03  2.41510430e-03 -1.80322357e-04 -1.58779236e-04
 -8.28219280e-02 -3.61598209e-02 -9.89966094e-04 -5.32664210e-02
  9.02015436e-03 -2.02268008e-02 -2.07553301e-02  1.13814529e-02
  7.56328404e-02 -8.16538278e-03 -5.18074334e-02  4.45306376e-02
 -8.33777711e-02 -2.18646452e-02  8.21495149e-03 -5.08183166e-02
 -6.59640506e-02  2.40301643e-03  8.87353066e-03 -8.09880160e-03
 -1.72805935e-01  3.19823506e-03 -2.82232137e-03  4.45275903e-02
 -2.09206939e-02  3.25117121e-03  2.76117958e-02  4.79566073e-03
 -7.76744308e-03 -3.71325226e-03  9.56464373e-03 -1.81976035e-02
  8.39031674e-03  3.59715708e-03  0.00000000e+00 -6.27856469e-04
 -2.14597653e-03 -4.10661660e-03  0.00000000e+00  3.92521237e-04
 -9.62750171e-04 -8.70505988e-04  0.00000000e+00  1.36082550e-03
  5.71478507e-04 -6.58205226e-02  1.45871192e-03 -5.99520430e-02
 -5.39327227e-03 -3.43286656e-02  5.53500955e-04 -5.82766682e-02
  1.53624406e-02 -3.82247986e-03  1.02843961e-03  2.85512855e-04
  3.36219347e-03 -1.27249956e-03 -2.32883958e-05  1.18927666e-04
  3.80290160e-03  4.14042827e-03  0.00000000e+00  2.20710150e-04
  1.43745367e-03  2.49072490e-03  0.00000000e+00 -4.12951544e-04
  2.65366980e-04  4.57240082e-03  0.00000000e+00 -1.82423682e-05
  1.34251674e-03 -4.80861316e-04 -2.82440997e-05  1.50229142e-04
 -4.15451452e-03 -2.50900188e-03  0.00000000e+00 -3.92129412e-04
 -2.86577120e-02  3.40704137e-04  0.00000000e+00 -2.29438487e-02
 -3.67105789e-02 -4.13973117e-03  4.43534460e-03 -1.52976590e-03
  1.50369834e-02  1.25278940e-03 -6.31739479e-03  5.84699865e-03
  4.00450453e-03 -1.21244788e-03  0.00000000e+00 -7.59416958e-03
  2.92986608e-03  8.92908219e-03  0.00000000e+00  1.42197590e-03
 -1.50947720e-02 -1.87059455e-02  0.00000000e+00 -4.33958806e-02
  6.50328677e-03  3.71071906e-03  0.00000000e+00 -2.25161668e-02
 -4.62643220e-05  4.41579148e-04  0.00000000e+00 -2.35876115e-03
 -1.56563111e-02 -4.94101411e-03  0.00000000e+00 -7.47430976e-03
  1.08564515e-02 -1.66289887e-04  2.61451496e-04  1.46881044e-02
  1.02168145e-02 -3.53210652e-03  0.00000000e+00 -1.88664580e-03
 -3.13745718e-03  2.58636512e-02  0.00000000e+00 -7.86769576e-03
  6.09082263e-03  1.52506668e-03  0.00000000e+00  1.61139818e-03
  2.72090398e-02 -3.22302729e-02  0.00000000e+00  4.41006524e-03
  8.32967758e-02 -1.22165773e-02  0.00000000e+00  3.41526829e-02
 -1.09608583e-02  1.39913068e-03 -6.47001527e-03  1.37060694e-03
  2.37733591e-02  4.77873534e-03  0.00000000e+00 -3.57806566e-04
  1.05303451e-02  1.13183307e-02  5.04080812e-03 -8.26505013e-04
  1.25246597e-02 -3.03767845e-02  0.00000000e+00  1.72214734e-03
  4.65465849e-03  1.54103327e-03  0.00000000e+00 -9.08083469e-03
 -1.43445833e-02 -1.64995622e-02  0.00000000e+00 -8.02090112e-03
  1.16742658e-03  6.18596235e-03  0.00000000e+00  1.68344448e-03
 -3.08147050e-03 -4.47392045e-03  0.00000000e+00  3.95439674e-05
 -4.53477073e-03  3.45658162e-03 -4.12438950e-03  4.10433917e-04
  2.92147882e-03 -1.71272049e-03  0.00000000e+00  0.00000000e+00
 -3.40238586e-02 -4.50752117e-03  0.00000000e+00 -4.53002229e-02
 -2.52362515e-04  9.69981588e-03  0.00000000e+00  5.13754319e-03
 -5.51174814e-03 -1.86959433e-03  0.00000000e+00 -8.38616490e-03
 -5.58882114e-03  8.79889447e-03  0.00000000e+00 -8.45263526e-03]"
11,Cleveland Clinic,cleveland-clinic/,OH,Academic,5,consent-authorization-cleveland-clinic,https://my.clevelandclinic.org/-/scassets/files/org/florida/patients/release-of-information-form.pdf,-2.093156337738037,-2.1350884016972884,26.102736916548796,23.210961591993904,20.382743988684584,11.195143564356435,79.0,29.139179632248943,12.953110466760963,"{'nouns': {'avg': 8.8125, 'sd': 8.183204650878906, 'min': 0.0, 'max': 27.0}, 'verbs': {'avg': 2.46875, 'sd': 2.9894018173217773, 'min': 0.0, 'max': 11.0}, 'adjectives': {'avg': 0.78125, 'sd': 1.5357078313827515, 'min': 0.0, 'max': 6.0}, 'adverbs': {'avg': 0.65625, 'sd': 1.5331621170043945, 'min': 0.0, 'max': 7.0}, 'pronouns': {'avg': 1.03125, 'sd': 1.7407680749893188, 'min': 0.0, 'max': 7.0}, 'first_person_pronouns': {'avg': 0.90625, 'sd': 1.6077814102172852, 'min': 0.0, 'max': 6.0}, 'third_person_pronouns': {'avg': 0.125, 'sd': 0.33071890473365784, 'min': 0.0, 'max': 1.0}, 'avg_syllables_per_word': {'avg': 1.8574938774108887, 'sd': 0.4447745084762573, 'min': 1.0, 'max': 3.0}, 'avg_word_frequency_log': {'avg': 5.276628494262695, 'sd': 0.7062879800796509, 'min': 2.7683334350585938, 'max': 6.287142753601074}, 'avg_content_word_frequency_log': {'avg': 4.7394609451293945, 'sd': 0.43304014205932617, 'min': 3.7100000381469727, 'max': 6.159999847412109}, 'avg_age_of_acquisition': {'avg': 290.85089111328125, 'sd': 173.30517578125, 'min': 0.0, 'max': 468.5}, 'avg_concreteness': {'avg': 333.70263671875, 'sd': 72.61322021484375, 'min': 240.0, 'max': 569.0}, 'avg_imagery': {'avg': 350.47613525390625, 'sd': 73.94522857666016, 'min': 265.0, 'max': 518.0}, 'avg_familiarity': {'avg': 581.15283203125, 'sd': 20.949613571166992, 'min': 523.0, 'max': 606.4000244140625}, 'avg_polysemy': {'avg': 6.226558685302734, 'sd': 2.878671646118164, 'min': 1.0, 'max': 13.199999809265137}, 'negations': {'avg': 0.21875, 'sd': 0.5439654588699341, 'min': 0.0, 'max': 2.0}, 'causal_verbs': {'avg': 0.03125, 'sd': 0.17399263381958008, 'min': 0.0, 'max': 1.0}, 'intentional_actions': {'avg': 0.0, 'sd': 0.0, 'min': 0.0, 'max': 0.0}, 'word_count': {'avg': 21.65625, 'sd': 24.056716918945312, 'min': 1.0, 'max': 85.0}, 'sentence_length': {'avg': 21.65625, 'sd': 24.056716918945312, 'min': 1.0, 'max': 85.0}, 'function_to_content_ratio': {'avg': 0.5041273832321167, 'sd': 0.4214019179344177, 'min': 0.0, 'max': 1.3333333730697632}, 'connectives_total': {'avg': 0.625, 'sd': 0.8926785588264465, 'min': 0.0, 'max': 3.0}, 'causal_connectives': {'avg': 0.0, 'sd': 0.0, 'min': 0.0, 'max': 0.0}, 'temporal_connectives': {'avg': 0.125, 'sd': 0.33071890473365784, 'min': 0.0, 'max': 1.0}, 'logical_connectives': {'avg': 0.1875, 'sd': 0.5266343355178833, 'min': 0.0, 'max': 2.0}, 'additive_connectives': {'avg': 0.3125, 'sd': 0.6817945241928101, 'min': 0.0, 'max': 3.0}, 'adversative_connectives': {'avg': 0.0, 'sd': 0.0, 'min': 0.0, 'max': 0.0}, 'dependency_depth': {'avg': 5.0, 'sd': 3.526684045791626, 'min': 1.0, 'max': 12.0}, 'modifiers_per_np': {'avg': 1.290666103363037, 'sd': 1.0799221992492676, 'min': 0.0, 'max': 5.0}, 'words_before_main_verb': {'avg': 8.625, 'sd': 14.611104965209961, 'min': 0.0, 'max': 67.0}, 'passive_constructions': {'avg': 0.21875, 'sd': 0.598663866519928, 'min': 0.0, 'max': 2.0}, 'content_overlap_adjacent': {'avg': 0.07734715193510056, 'sd': 0.09687300026416779, 'min': 0.0, 'max': 0.2916666567325592}, 'content_overlap_all': {'avg': 0.04999783635139465, 'sd': 0.051225125789642334, 'min': 0.0, 'max': 0.17613635957241058}, 'noun_overlap_adjacent': {'avg': 0.06902553141117096, 'sd': 0.1328151375055313, 'min': 0.0, 'max': 0.4444444477558136}, 'argument_overlap_adjacent': {'avg': 0.03067956492304802, 'sd': 0.0728759914636612, 'min': 0.0, 'max': 0.25}, 'stem_overlap_all': {'avg': 0.06562499701976776, 'sd': 0.06327605247497559, 'min': 0.0, 'max': 0.2199999988079071}, 'lsa_overlap_adjacent': {'avg': 0.38333120942115784, 'sd': 0.20263908803462982, 'min': 0.0, 'max': 0.8080365061759949}, 'lsa_overlap_all': {'avg': 0.23407074809074402, 'sd': 0.07681095600128174, 'min': 0.0, 'max': 0.3654976487159729}, 'lsa_given_new': {'avg': 0.7346792221069336, 'sd': 0.14677853882312775, 'min': 0.0, 'max': 0.9561586976051331}, 'lsa_overlap_mean': {'avg': 0.23407074809074402, 'sd': 0.07681095600128174, 'min': 0.0, 'max': 0.3654976487159729}, 'lsa_overlap_std': {'avg': 0.1311439871788025, 'sd': 0.06576155871152878, 'min': 0.0, 'max': 0.24074749648571014}, 'lsa_overlap_max': {'avg': 0.5107429027557373, 'sd': 0.21235927939414978, 'min': 0.0, 'max': 0.8180792331695557}, 'lsa_overlap_min': {'avg': 0.045499853789806366, 'sd': 0.07811284810304642, 'min': -0.07339809834957123, 'max': 0.26517021656036377}, 'lsa_novelty': {'avg': 0.4580070376396179, 'sd': 0.20844295620918274, 'min': 0.0, 'max': 0.9561586976051331}, 'lsa_shift': {'avg': 0.1492604911327362, 'sd': 0.1753474771976471, 'min': -0.16995757818222046, 'max': 0.5751211643218994}, 'pos_dissimilarity_prev': {'avg': 0.875201404094696, 'sd': 0.19226858019828796, 'min': 0.0, 'max': 1.0}, 'word_dissimilarity_prev': {'avg': 3.220090866088867, 'sd': 8.502731323242188, 'min': 0.0, 'max': 47.0}, 'new_word_ratio': {'avg': 0.7871097326278687, 'sd': 0.2715451419353485, 'min': 0.0, 'max': 1.0}, 'verb_overlap_adjacent': {'avg': 0.0936097800731659, 'sd': 0.24285589158535004, 'min': 0.0, 'max': 1.0}, 'embedding_norm': {'avg': 0.96875, 'sd': 0.17399263381958008, 'min': 0.0, 'max': 1.0}, 'embedding_norm_diff': {'avg': 1.862645149230957e-09, 'sd': 3.79449680565358e-08, 'min': -5.960464477539063e-08, 'max': 5.960464477539063e-08}, 'type_token_ratio': {'avg': 0.96875, 'sd': 0.17399263381958008, 'min': 0.0, 'max': 1.0}, 'lexical_diversity_all': {'avg': 0.3530430197715759, 'sd': 0.06340839713811874, 'min': 0.0, 'max': 0.3644315004348755}, 'lexical_diversity_verbs': {'avg': 0.5763449668884277, 'sd': 0.10351461172103882, 'min': 0.0, 'max': 0.594936728477478}, 'sentence_length_cohesion': {'avg': 16.40625, 'sd': 15.819014549255371, 'min': 0.0, 'max': 55.0}, 'sentence_length_log': {'avg': 2.353212356567383, 'sd': 1.0881290435791016, 'min': 0.0, 'max': 4.025351524353027}}","[-1.25537366e-01 -7.01775849e-02  5.49956597e-03 -7.69929290e-02
 -2.76771211e-03  2.87927911e-02  1.67182705e-03  1.34418509e-03
  2.72276923e-02 -1.45751517e-03 -6.02132932e-04 -1.91901606e-02
  1.27125969e-02 -4.89468360e-03  0.00000000e+00 -5.22098644e-03
 -1.86567428e-03 -1.63355796e-03 -2.35596963e-04 -2.13660439e-03
 -4.30885255e-02 -2.34528314e-02  0.00000000e+00 -3.08212731e-03
 -1.95532609e-02  1.98138552e-03 -1.80322357e-04 -5.78066974e-04
 -8.46125558e-02 -7.71607161e-02 -4.10332438e-03 -5.09425327e-02
 -2.00062916e-01 -2.00719070e-02 -2.35622656e-02  9.83315893e-03
  5.25269844e-02 -9.20958165e-03 -4.23366688e-02  6.29056990e-02
 -2.78289728e-02 -6.71774894e-02  8.78206547e-03 -5.76960668e-02
  8.62628892e-02  1.98964775e-03 -1.72876753e-02 -1.46349911e-02
  8.97747278e-02  8.12457642e-04 -1.91413220e-02  3.45975980e-02
 -1.82392839e-02  2.80048437e-02  2.72196494e-02 -8.15046486e-04
 -5.48924506e-03 -4.64412197e-03  1.84304323e-02 -8.93310364e-03
 -1.74282643e-04 -8.00960604e-03  0.00000000e+00 -4.29600390e-04
 -2.23233318e-03 -2.22503231e-03  0.00000000e+00  3.92521237e-04
 -1.69235026e-03 -1.12908415e-03  0.00000000e+00 -3.15954210e-04
 -2.32242197e-02 -6.70000911e-02  3.69467889e-04 -5.75598516e-02
 -2.76321582e-02 -5.13595827e-02  1.05684463e-04 -6.02246597e-02
  5.67694893e-03 -3.31050274e-03 -8.99397535e-04 -5.83650870e-03
 -1.56158702e-02 -4.35410329e-04 -2.32883958e-05  1.33577909e-04
  3.34372115e-03  3.06754652e-03  0.00000000e+00  2.83953559e-04
  1.31727499e-03  2.53322022e-03  0.00000000e+00 -1.69086125e-04
  3.65156913e-03  5.48788719e-03  0.00000000e+00 -1.82423682e-05
 -9.62822605e-03  9.35264281e-04 -2.82440997e-05  1.20012206e-04
 -2.24725017e-03 -5.56972530e-03  0.00000000e+00 -4.77067370e-04
  3.20239291e-02  5.03004994e-04  0.00000000e+00 -1.24728389e-03
 -5.75853251e-02 -3.46724153e-03  5.08583989e-03 -2.52074446e-03
 -2.23062816e-03 -1.18955029e-02 -6.25683600e-03 -8.71388242e-03
  5.70921693e-03  1.04783103e-03  0.00000000e+00  4.26181313e-03
  4.73031728e-03 -2.34637670e-02  0.00000000e+00  1.34716951e-03
 -1.04289390e-02 -7.73715926e-03  0.00000000e+00 -2.29918845e-02
  2.72481178e-04 -5.40870102e-03  0.00000000e+00 -2.01018713e-02
 -1.11698027e-04 -4.77937458e-04  0.00000000e+00 -5.44262410e-04
 -1.14521850e-02 -8.33832473e-03  0.00000000e+00 -4.02517384e-03
  3.10917338e-03 -8.67596362e-04  1.83593394e-04  6.28030533e-03
 -1.16122505e-02 -5.27778221e-03  0.00000000e+00  5.90810226e-03
 -6.57381071e-03  1.67140998e-02  0.00000000e+00 -1.27692344e-02
 -7.41633167e-03  1.49090367e-03  0.00000000e+00  1.66685099e-03
  3.71429771e-02  1.98711678e-02  0.00000000e+00 -5.12908632e-03
  6.70316741e-02 -3.41921416e-03  0.00000000e+00  3.38224508e-02
 -1.71614513e-02  6.79618970e-04  1.49016241e-02  2.19721044e-03
  1.73600223e-02  8.08711909e-03  0.00000000e+00 -2.63976697e-02
 -2.01228447e-02  1.06531177e-02  7.13361567e-03 -2.25617923e-03
  1.44542558e-02 -2.79131066e-02  0.00000000e+00  1.42807059e-03
 -1.69957720e-03 -1.73235666e-02  0.00000000e+00  9.91171109e-04
 -1.17123146e-02 -6.76661124e-03  0.00000000e+00 -7.70102860e-03
  8.44738819e-03  6.73990790e-03  0.00000000e+00  3.21456068e-03
 -3.51578649e-03 -4.11461620e-03  0.00000000e+00  3.95439674e-05
 -2.19482067e-03  2.81968061e-03  1.49275607e-03  7.99512782e-06
  7.22392288e-05 -1.05879479e-03  0.00000000e+00  0.00000000e+00
 -3.26458439e-02  5.48582198e-03  0.00000000e+00 -3.14496569e-02
  2.84348475e-03  4.72131046e-03  0.00000000e+00  3.86586809e-03
 -7.50155468e-03 -1.23128388e-02  0.00000000e+00 -7.10460870e-03
  5.46151772e-03 -1.79951463e-03  0.00000000e+00 -1.16302632e-02]"
